atha_NP_190692.1_flavanone_3-hydroxylase_OG0007848	atha_NP_190692.1_flavanone_3-hydroxylase_OG0007848	100.000	358	0	0	1	358	1	358	0.0	744
atha_NP_190692.1_flavanone_3-hydroxylase_OG0007848	brap_XP_009115799.1_naringenin,2-oxoglutarate_3-dioxygenase_OG0007848	93.017	358	25	0	1	358	1	358	0.0	701
atha_NP_190692.1_flavanone_3-hydroxylase_OG0007848	cill_XP_042988041.1_naringenin,2-oxoglutarate_3-dioxygenase_OG0007848	84.153	366	49	2	1	358	1	365	0.0	649
atha_NP_190692.1_flavanone_3-hydroxylase_OG0007848	cave_XP_059438993.1_naringenin,2-oxoglutarate_3-dioxygenase_OG0007848	84.167	360	55	1	1	358	1	360	0.0	646
atha_NP_190692.1_flavanone_3-hydroxylase_OG0007848	jreg_XP_018829624.1_naringenin,2-oxoglutarate_3-dioxygenase_OG0007848	83.562	365	52	2	1	358	1	364	0.0	645
atha_NP_190692.1_flavanone_3-hydroxylase_OG0007848	tcac_Thecc.01G018700.1.p_NA_OG0007848	82.418	364	58	1	1	358	1	364	0.0	642
atha_NP_190692.1_flavanone_3-hydroxylase_OG0007848	ahyp_arahy.Tifrunner.gnm1.ann1.HE8J5U.1_NA_OG0007848	83.333	366	53	2	1	358	1	366	0.0	641
atha_NP_190692.1_flavanone_3-hydroxylase_OG0007848	vvin_NP_001268034.1_naringenin,2-oxoglutarate_3-dioxygenase_OG0007848	83.471	363	55	1	1	358	1	363	0.0	641
atha_NP_190692.1_flavanone_3-hydroxylase_OG0007848	ahyp_arahy.Tifrunner.gnm1.ann1.79B99S.1_NA_OG0007848	82.787	366	55	2	1	358	1	366	0.0	639
atha_NP_190692.1_flavanone_3-hydroxylase_OG0007848	slyc_NP_001316412.1_flavanone_3-dioxygenase_OG0007848	80.939	362	65	1	1	358	1	362	0.0	636
atha_NP_190692.1_flavanone_3-hydroxylase_OG0007848	pvul_XP_068465687.1_naringenin,2-oxoglutarate_3-dioxygenase_OG0007848	83.149	362	56	1	2	358	4	365	0.0	634
atha_NP_190692.1_flavanone_3-hydroxylase_OG0007848	vvin_XP_002275563.1_flavanone_3-dioxygenase_OG0007848	82.682	358	62	0	1	358	1	358	0.0	632
atha_NP_190692.1_flavanone_3-hydroxylase_OG0007848	mnot_XP_010113349.1_naringenin,2-oxoglutarate_3-dioxygenase_OG0007848	80.874	366	61	2	1	358	1	365	0.0	632
atha_NP_190692.1_flavanone_3-hydroxylase_OG0007848	stub_Soltu.DM.02G023850.1_NA_OG0007848	80.556	360	68	2	1	358	1	360	0.0	629
atha_NP_190692.1_flavanone_3-hydroxylase_OG0007848	gmax_NP_001236797.1_flavanone_3-hydroxylase_OG0007848	79.200	375	61	3	1	358	1	375	0.0	622
atha_NP_190692.1_flavanone_3-hydroxylase_OG0007848	ptrh_XP_052308812.1_naringenin,2-oxoglutarate_3-dioxygenase-like_OG0007848	80.716	363	65	2	1	358	1	363	0.0	622
atha_NP_190692.1_flavanone_3-hydroxylase_OG0007848	fves_FvH4_1g11810.t1_NA_OG0007848	80.609	361	66	1	2	358	4	364	0.0	620
atha_NP_190692.1_flavanone_3-hydroxylase_OG0007848	ptrh_XP_006383106.1_naringenin,2-oxoglutarate_3-dioxygenase_OG0007848	79.890	363	68	2	1	358	1	363	0.0	619
atha_NP_190692.1_flavanone_3-hydroxylase_OG0007848	csie_XP_028107405.1_naringenin,2-oxoglutarate_3-dioxygenase_OG0007848	86.747	332	43	1	1	331	1	332	0.0	619
atha_NP_190692.1_flavanone_3-hydroxylase_OG0007848	gmax_XP_003520255.1_naringenin,2-oxoglutarate_3-dioxygenase_OG0007848	78.457	376	63	3	1	358	1	376	0.0	613
atha_NP_190692.1_flavanone_3-hydroxylase_OG0007848	mdom_MD02G1132200_NA_OG0007848	80.000	365	66	3	1	358	1	365	0.0	612
atha_NP_190692.1_flavanone_3-hydroxylase_OG0007848	mdom_MD15G1246200_NA_OG0007848	79.726	365	67	2	1	358	1	365	0.0	610
atha_NP_190692.1_flavanone_3-hydroxylase_OG0007848	macu_XP_009382400.2_flavanone_3-dioxygenase_F3H2_OG0007848	82.808	349	58	1	1	347	1	349	0.0	608
atha_NP_190692.1_flavanone_3-hydroxylase_OG0007848	ptrh_XP_006383103.2_naringenin,2-oxoglutarate_3-dioxygenase_OG0007848	77.961	363	75	1	1	358	1	363	0.0	608
atha_NP_190692.1_flavanone_3-hydroxylase_OG0007848	gmax_XP_040862589.1_flavanone_3-hydroxylase_isoform_X1_OG0007848	78.133	375	60	4	1	358	1	370	0.0	607
atha_NP_190692.1_flavanone_3-hydroxylase_OG0007848	cann_NP_001311703.1_naringenin,2-oxoglutarate_3-dioxygenase_OG0007848	80.172	348	68	1	1	348	1	347	0.0	607
atha_NP_190692.1_flavanone_3-hydroxylase_OG0007848	macu_XP_064990970.1_flavanone_3-dioxygenase_F3H2-like_OG0007848	78.611	360	73	1	1	356	1	360	0.0	598
atha_NP_190692.1_flavanone_3-hydroxylase_OG0007848	macu_XP_009409832.2_flavanone_3-dioxygenase_F3H2_OG0007848	79.213	356	68	2	1	352	1	354	0.0	597
atha_NP_190692.1_flavanone_3-hydroxylase_OG0007848	gmax_XP_003517175.1_naringenin,2-oxoglutarate_3-dioxygenase_OG0007848	75.890	365	81	2	1	358	1	365	0.0	592
atha_NP_190692.1_flavanone_3-hydroxylase_OG0007848	gmax_XP_003547939.1_naringenin,2-oxoglutarate_3-dioxygenase_OG0007848	75.806	372	76	3	1	358	1	372	0.0	590
atha_NP_190692.1_flavanone_3-hydroxylase_OG0007848	csie_XP_028106343.1_naringenin,2-oxoglutarate_3-dioxygenase,_partial_OG0007848	87.261	314	39	1	1	314	1	313	0.0	579
atha_NP_190692.1_flavanone_3-hydroxylase_OG0007848	sbic_XP_002448703.2_uncharacterized_protein_LOC8082549_OG0007848	75.275	364	82	1	3	358	519	882	0.0	574
atha_NP_190692.1_flavanone_3-hydroxylase_OG0007848	sbic_XP_002448703.2_uncharacterized_protein_LOC8082549_OG0007848	77.971	345	76	0	3	347	61	405	0.0	570
atha_NP_190692.1_flavanone_3-hydroxylase_OG0007848	zmay_NP_001130275.1_Flavanone_3-dioxygenase_1_OG0007848	76.602	359	79	3	3	358	10	366	0.0	573
atha_NP_190692.1_flavanone_3-hydroxylase_OG0007848	atri_XP_006852053.1_naringenin,2-oxoglutarate_3-dioxygenase_OG0007848	73.743	358	89	2	1	355	1	356	0.0	565
atha_NP_190692.1_flavanone_3-hydroxylase_OG0007848	taes_XP_044320716.1_naringenin,2-oxoglutarate_3-dioxygenase-like_OG0007848	78.869	336	69	1	7	342	12	345	0.0	558
atha_NP_190692.1_flavanone_3-hydroxylase_OG0007848	taes_XP_044328996.1_naringenin,2-oxoglutarate_3-dioxygenase_OG0007848	78.274	336	71	1	7	342	12	345	0.0	557
atha_NP_190692.1_flavanone_3-hydroxylase_OG0007848	osaj_XP_015634635.1_flavanone_3-dioxygenase_1-like_OG0007848	78.979	333	65	2	1	330	1	331	0.0	553
atha_NP_190692.1_flavanone_3-hydroxylase_OG0007848	vvin_XP_010649034.1_naringenin,2-oxoglutarate_3-dioxygenase_OG0007848	72.727	352	91	2	1	350	1	349	0.0	542
atha_NP_190692.1_flavanone_3-hydroxylase_OG0007848	taes_XP_044321195.1_naringenin,2-oxoglutarate_3-dioxygenase-like_OG0007848	75.371	337	81	1	7	343	12	346	0.0	535
atha_NP_190692.1_flavanone_3-hydroxylase_OG0007848	csat_XP_004146140.1_naringenin,2-oxoglutarate_3-dioxygenase_OG0007848	73.556	329	87	0	15	343	12	340	0.0	523
atha_NP_190692.1_flavanone_3-hydroxylase_OG0007848	crja_XP_057819273.1_naringenin,2-oxoglutarate_3-dioxygenase_OG0007848	71.254	327	92	1	15	341	31	355	0.0	509
atha_NP_190692.1_flavanone_3-hydroxylase_OG0007848	crja_XP_057819281.2_naringenin,2-oxoglutarate_3-dioxygenase_OG0007848	70.642	327	94	1	15	341	31	355	0.0	504
atha_NP_190692.1_flavanone_3-hydroxylase_OG0007848	crja_XP_057826934.2_naringenin,2-oxoglutarate_3-dioxygenase_OG0007848	68.915	341	102	2	3	341	14	352	9.88e-179	493
atha_NP_190692.1_flavanone_3-hydroxylase_OG0007848	gmax_XP_014632702.1_naringenin,2-oxoglutarate_3-dioxygenase_OG0007848	84.211	266	40	1	1	264	1	266	5.39e-172	477
atha_NP_190692.1_flavanone_3-hydroxylase_OG0007848	crja_XP_057826229.2_naringenin,2-oxoglutarate_3-dioxygenase_OG0007848	64.048	331	113	3	15	341	20	348	2.22e-168	466
atha_NP_190692.1_flavanone_3-hydroxylase_OG0007848	atri_XP_011626120.1_naringenin,2-oxoglutarate_3-dioxygenase_OG0007848	64.242	330	113	3	3	331	11	336	1.44e-164	456
atha_NP_190692.1_flavanone_3-hydroxylase_OG0007848	csat_XP_004140496.1_naringenin,2-oxoglutarate_3-dioxygenase_OG0007848	66.890	299	97	2	36	334	7	303	1.76e-157	437
atha_NP_190692.1_flavanone_3-hydroxylase_OG0007848	tcac_Thecc.01G018500.1.p_NA_OG0007848	53.846	364	86	5	1	358	8	295	2.52e-127	360
atha_NP_190692.1_flavanone_3-hydroxylase_OG0007848	crja_XP_057866073.1_naringenin,2-oxoglutarate_3-dioxygenase_OG0007848	50.926	324	155	2	10	332	18	338	9.87e-117	335
atha_NP_190692.1_flavanone_3-hydroxylase_OG0007848	crja_XP_057866739.1_naringenin,2-oxoglutarate_3-dioxygenase_OG0007848	50.301	332	156	5	10	339	15	339	1.41e-108	314
atha_NP_190692.1_flavanone_3-hydroxylase_OG0007848	crja_XP_057866740.2_naringenin,2-oxoglutarate_3-dioxygenase_OG0007848	49.853	339	155	5	10	339	15	347	3.41e-108	313
atha_NP_190692.1_flavanone_3-hydroxylase_OG0007848	crja_XP_057866072.2_naringenin,2-oxoglutarate_3-dioxygenase_OG0007848	49.080	326	159	4	19	343	99	418	1.12e-107	314
atha_NP_190692.1_flavanone_3-hydroxylase_OG0007848	crja_XP_057855010.1_naringenin,2-oxoglutarate_3-dioxygenase-like_OG0007848	46.988	332	146	5	10	339	15	318	4.55e-103	299
atha_NP_190692.1_flavanone_3-hydroxylase_OG0007848	mpol_Mapoly0002s0224.1.p_NA_OG0007848	46.454	282	145	4	18	294	36	316	5.63e-89	264
atha_NP_190692.1_flavanone_3-hydroxylase_OG0007848	brap_XP_033136715.1_naringenin,2-oxoglutarate_3-dioxygenase-like_OG0007848	75.714	140	33	1	124	263	1	139	2.85e-75	222
atha_NP_190692.1_flavanone_3-hydroxylase_OG0007848	csie_XP_028056657.1_flavanone_3-dioxygenase-like_OG0007848	86.441	118	16	0	142	259	13	130	5.51e-73	215
atha_NP_190692.1_flavanone_3-hydroxylase_OG0007848	crja_XP_057866732.1_naringenin,2-oxoglutarate_3-dioxygenase-like_OG0007848	64.815	108	38	0	156	263	33	140	8.85e-46	145
atha_NP_190692.1_flavanone_3-hydroxylase_OG0007848	crja_XP_057866728.1_naringenin,2-oxoglutarate_3-dioxygenase-like_OG0007848	37.013	154	87	3	1	149	1	149	1.20e-27	98.6
