atha_NP_180607.1_cinnamate-4-hydroxylase_OG0002553	atha_NP_180607.1_cinnamate-4-hydroxylase_OG0002553	100.000	505	0	0	1	505	1	505	0.0	1036
atha_NP_180607.1_cinnamate-4-hydroxylase_OG0002553	brap_XP_009132739.2_trans-cinnamate_4-monooxygenase_OG0002553	95.833	504	21	0	1	504	1	504	0.0	1000
atha_NP_180607.1_cinnamate-4-hydroxylase_OG0002553	brap_NP_001288861.1_trans-cinnamate_4-monooxygenase_OG0002553	95.635	504	22	0	1	504	1	504	0.0	999
atha_NP_180607.1_cinnamate-4-hydroxylase_OG0002553	brap_XP_009141068.2_trans-cinnamate_4-monooxygenase_OG0002553	95.238	504	24	0	1	504	1	504	0.0	994
atha_NP_180607.1_cinnamate-4-hydroxylase_OG0002553	brap_XP_009132738.2_trans-cinnamate_4-monooxygenase_OG0002553	88.469	503	56	1	1	503	1	501	0.0	926
atha_NP_180607.1_cinnamate-4-hydroxylase_OG0002553	stub_Soltu.DM.06G032860.1_NA_OG0002553	86.508	504	68	0	1	504	22	525	0.0	924
atha_NP_180607.1_cinnamate-4-hydroxylase_OG0002553	fves_FvH4_3g40570.t1_NA_OG0002553	85.885	503	71	0	1	503	1	503	0.0	923
atha_NP_180607.1_cinnamate-4-hydroxylase_OG0002553	cann_NP_001311984.1_trans-cinnamate_4-monooxygenase-like_OG0002553	86.111	504	70	0	1	504	1	504	0.0	919
atha_NP_180607.1_cinnamate-4-hydroxylase_OG0002553	brap_XP_009141067.1_trans-cinnamate_4-monooxygenase_OG0002553	89.264	503	54	0	1	503	1	503	0.0	915
atha_NP_180607.1_cinnamate-4-hydroxylase_OG0002553	tcac_Thecc.10G184100.1.p_NA_OG0002553	85.089	503	75	0	1	503	1	503	0.0	907
atha_NP_180607.1_cinnamate-4-hydroxylase_OG0002553	mdom_MD11G1052900_NA_OG0002553	87.475	503	63	0	1	503	1	503	0.0	904
atha_NP_180607.1_cinnamate-4-hydroxylase_OG0002553	cave_XP_059430243.1_trans-cinnamate_4-monooxygenase_OG0002553	85.913	504	71	0	1	504	1	504	0.0	902
atha_NP_180607.1_cinnamate-4-hydroxylase_OG0002553	gmax_NP_001237317.1_trans-cinnamate_4-monooxygenase_OG0002553	84.554	505	77	1	1	504	1	505	0.0	899
atha_NP_180607.1_cinnamate-4-hydroxylase_OG0002553	slyc_XP_069154955.1_trans-cinnamate_4-monooxygenase_C4H2_OG0002553	86.895	496	65	0	9	504	28	523	0.0	897
atha_NP_180607.1_cinnamate-4-hydroxylase_OG0002553	csie_XP_028056645.1_LOW_QUALITY_PROTEIN:_trans-cinnamate_4-monooxygenase-like_OG0002553	83.929	504	81	0	1	504	1	504	0.0	897
atha_NP_180607.1_cinnamate-4-hydroxylase_OG0002553	ptrh_XP_002319974.1_trans-cinnamate_4-monooxygenase_OG0002553	85.714	504	72	0	1	504	1	504	0.0	896
atha_NP_180607.1_cinnamate-4-hydroxylase_OG0002553	mnot_XP_010094425.1_trans-cinnamate_4-monooxygenase_OG0002553	85.941	505	71	0	1	505	1	505	0.0	896
atha_NP_180607.1_cinnamate-4-hydroxylase_OG0002553	gmax_XP_003544934.1_trans-cinnamate_4-monooxygenase_OG0002553	83.532	504	83	0	1	504	1	504	0.0	891
atha_NP_180607.1_cinnamate-4-hydroxylase_OG0002553	csie_XP_028088372.1_trans-cinnamate_4-monooxygenase_OG0002553	85.516	504	73	0	1	504	1	504	0.0	891
atha_NP_180607.1_cinnamate-4-hydroxylase_OG0002553	sbic_XP_002458683.1_trans-cinnamate_4-monooxygenase_OG0002553	82.540	504	88	0	1	504	1	504	0.0	888
atha_NP_180607.1_cinnamate-4-hydroxylase_OG0002553	mdom_MD00G1221400_NA_OG0002553	85.487	503	73	0	1	503	1	503	0.0	888
atha_NP_180607.1_cinnamate-4-hydroxylase_OG0002553	ahyp_arahy.Tifrunner.gnm1.ann1.K1LFJJ.1_NA_OG0002553	82.937	504	86	0	1	504	1	504	0.0	885
atha_NP_180607.1_cinnamate-4-hydroxylase_OG0002553	csat_NP_001292707.1_trans-cinnamate_4-monooxygenase_OG0002553	86.879	503	66	0	1	503	1	503	0.0	882
atha_NP_180607.1_cinnamate-4-hydroxylase_OG0002553	jreg_XP_035546337.1_trans-cinnamate_4-monooxygenase_OG0002553	83.762	505	82	0	1	505	1	505	0.0	882
atha_NP_180607.1_cinnamate-4-hydroxylase_OG0002553	ahyp_arahy.Tifrunner.gnm1.ann1.SGZ2CH.1_NA_OG0002553	83.333	504	75	1	1	504	1	495	0.0	878
atha_NP_180607.1_cinnamate-4-hydroxylase_OG0002553	cill_XP_042958960.1_trans-cinnamate_4-monooxygenase_OG0002553	83.366	505	84	0	1	505	1	505	0.0	875
atha_NP_180607.1_cinnamate-4-hydroxylase_OG0002553	ccaj_XP_020234620.1_trans-cinnamate_4-monooxygenase_OG0002553	82.540	504	88	0	1	504	1	504	0.0	872
atha_NP_180607.1_cinnamate-4-hydroxylase_OG0002553	atri_XP_006842509.1_trans-cinnamate_4-monooxygenase_OG0002553	82.540	504	85	2	1	503	1	502	0.0	872
atha_NP_180607.1_cinnamate-4-hydroxylase_OG0002553	mdom_MD03G1051000_NA_OG0002553	81.673	502	92	0	1	502	1	502	0.0	871
atha_NP_180607.1_cinnamate-4-hydroxylase_OG0002553	mnot_XP_010103664.1_trans-cinnamate_4-monooxygenase_OG0002553	84.156	486	77	0	20	505	20	505	0.0	869
atha_NP_180607.1_cinnamate-4-hydroxylase_OG0002553	ptrh_XP_002325638.1_trans-cinnamate_4-monooxygenase_OG0002553	84.921	504	76	0	1	504	1	504	0.0	865
atha_NP_180607.1_cinnamate-4-hydroxylase_OG0002553	tcac_Thecc.09G364200.1.p_NA_OG0002553	85.288	503	74	0	1	503	1	503	0.0	865
atha_NP_180607.1_cinnamate-4-hydroxylase_OG0002553	cill_XP_042956463.1_trans-cinnamate_4-monooxygenase-like_OG0002553	82.341	504	89	0	1	504	1	504	0.0	863
atha_NP_180607.1_cinnamate-4-hydroxylase_OG0002553	pvul_XP_068495409.1_trans-cinnamate_4-monooxygenase-like_OG0002553	80.396	505	99	0	1	505	1	505	0.0	862
atha_NP_180607.1_cinnamate-4-hydroxylase_OG0002553	jreg_XP_018828547.1_trans-cinnamate_4-monooxygenase-like_OG0002553	81.746	504	92	0	1	504	1	504	0.0	860
atha_NP_180607.1_cinnamate-4-hydroxylase_OG0002553	pvul_XP_068485062.1_trans-cinnamate_4-monooxygenase_OG0002553	83.532	504	83	0	1	504	1	504	0.0	859
atha_NP_180607.1_cinnamate-4-hydroxylase_OG0002553	taes_XP_044350672.1_trans-cinnamate_4-monooxygenase_OG0002553	80.556	504	97	1	1	503	1	504	0.0	858
atha_NP_180607.1_cinnamate-4-hydroxylase_OG0002553	taes_XP_044341893.1_trans-cinnamate_4-monooxygenase-like_OG0002553	80.357	504	98	1	1	503	1	504	0.0	858
atha_NP_180607.1_cinnamate-4-hydroxylase_OG0002553	zmay_XP_008657127.1_trans-cinnamate_4-monooxygenase_OG0002553	81.548	504	93	0	1	504	1	504	0.0	857
atha_NP_180607.1_cinnamate-4-hydroxylase_OG0002553	vvin_XP_002266238.1_trans-cinnamate_4-monooxygenase_OG0002553	84.263	502	79	0	1	502	1	502	0.0	856
atha_NP_180607.1_cinnamate-4-hydroxylase_OG0002553	jreg_XP_018828562.1_trans-cinnamate_4-monooxygenase-like_OG0002553	80.792	505	93	2	1	504	1	502	0.0	850
atha_NP_180607.1_cinnamate-4-hydroxylase_OG0002553	cill_XP_042954427.1_trans-cinnamate_4-monooxygenase-like_OG0002553	80.792	505	93	2	1	504	1	502	0.0	848
atha_NP_180607.1_cinnamate-4-hydroxylase_OG0002553	mdom_MD03G1051100_NA_OG0002553	77.932	503	111	0	1	503	1	503	0.0	835
atha_NP_180607.1_cinnamate-4-hydroxylase_OG0002553	crja_XP_057818164.1_trans-cinnamate_4-monooxygenase_OG0002553	80.200	500	97	1	6	503	14	513	0.0	827
atha_NP_180607.1_cinnamate-4-hydroxylase_OG0002553	osaj_XP_015635394.1_LOW_QUALITY_PROTEIN:_trans-cinnamate_4-monooxygenase-like_OG0002553	77.734	503	104	1	1	503	1	495	0.0	823
atha_NP_180607.1_cinnamate-4-hydroxylase_OG0002553	crja_XP_057867678.2_trans-cinnamate_4-monooxygenase_OG0002553	80.745	483	91	1	20	502	17	497	0.0	815
atha_NP_180607.1_cinnamate-4-hydroxylase_OG0002553	macu_XP_009410039.2_trans-cinnamate_4-monooxygenase-like_OG0002553	79.920	503	100	1	1	503	1	502	0.0	802
atha_NP_180607.1_cinnamate-4-hydroxylase_OG0002553	macu_XP_009421411.2_trans-cinnamate_4-monooxygenase_OG0002553	79.920	503	100	1	1	503	1	502	0.0	801
atha_NP_180607.1_cinnamate-4-hydroxylase_OG0002553	csat_XP_004151467.1_trans-cinnamate_4-monooxygenase-like_OG0002553	76.285	506	118	1	1	504	1	506	0.0	800
atha_NP_180607.1_cinnamate-4-hydroxylase_OG0002553	macu_XP_009403855.2_trans-cinnamate_4-monooxygenase_OG0002553	79.722	503	101	1	1	503	1	502	0.0	795
atha_NP_180607.1_cinnamate-4-hydroxylase_OG0002553	sbic_XP_002461939.1_trans-cinnamate_4-monooxygenase_OG0002553	76.295	502	115	2	1	502	1	498	0.0	793
atha_NP_180607.1_cinnamate-4-hydroxylase_OG0002553	taes_XP_044386184.1_trans-cinnamate_4-monooxygenase-like_OG0002553	75.299	502	119	3	1	502	2	498	0.0	782
atha_NP_180607.1_cinnamate-4-hydroxylase_OG0002553	osaj_XP_015639656.1_trans-cinnamate_4-monooxygenase-like_OG0002553	75.697	502	117	3	1	502	1	497	0.0	768
atha_NP_180607.1_cinnamate-4-hydroxylase_OG0002553	zmay_NP_001140726.1_putative_cytochrome_P450_superfamily_protein_OG0002553	75.697	502	118	2	1	502	1	498	0.0	766
atha_NP_180607.1_cinnamate-4-hydroxylase_OG0002553	taes_XP_044367203.1_trans-cinnamate_4-monooxygenase-like_OG0002553	74.701	502	122	2	1	502	1	497	0.0	766
atha_NP_180607.1_cinnamate-4-hydroxylase_OG0002553	ppat_XP_024373833.1_trans-cinnamate_4-monooxygenase_OG0002553	72.857	490	129	2	15	502	27	514	0.0	766
atha_NP_180607.1_cinnamate-4-hydroxylase_OG0002553	taes_XP_044355903.1_trans-cinnamate_4-monooxygenase_OG0002553	74.900	502	122	2	1	502	1	498	0.0	755
atha_NP_180607.1_cinnamate-4-hydroxylase_OG0002553	taes_XP_044347865.1_trans-cinnamate_4-monooxygenase-like_OG0002553	74.900	502	122	2	1	502	1	498	0.0	755
atha_NP_180607.1_cinnamate-4-hydroxylase_OG0002553	ppat_XP_024365375.1_trans-cinnamate_4-monooxygenase_OG0002553	72.822	482	127	2	23	502	61	540	0.0	755
atha_NP_180607.1_cinnamate-4-hydroxylase_OG0002553	azfi_Azfi_s0333.g065437_NA_OG0002553	73.457	486	127	2	17	502	23	506	0.0	748
atha_NP_180607.1_cinnamate-4-hydroxylase_OG0002553	taes_XP_044332701.1_trans-cinnamate_4-monooxygenase-like_OG0002553	72.222	504	139	1	1	503	1	504	0.0	747
atha_NP_180607.1_cinnamate-4-hydroxylase_OG0002553	zmay_NP_001140681.1_putative_cytochrome_P450_superfamily_protein_OG0002553	74.354	503	124	3	1	502	1	499	0.0	740
atha_NP_180607.1_cinnamate-4-hydroxylase_OG0002553	mdom_MD03G1050900_NA_OG0002553	74.755	511	92	7	1	503	1	482	0.0	736
atha_NP_180607.1_cinnamate-4-hydroxylase_OG0002553	taes_XP_044339333.1_trans-cinnamate_4-monooxygenase-like_OG0002553	74.701	502	123	2	1	502	1	498	0.0	731
atha_NP_180607.1_cinnamate-4-hydroxylase_OG0002553	smoe_XP_002977018.1_trans-cinnamate_4-monooxygenase_OG0002553	70.800	500	142	2	4	503	34	529	0.0	715
atha_NP_180607.1_cinnamate-4-hydroxylase_OG0002553	mpol_Mapoly0163s0018.1.p_NA_OG0002553	70.933	461	131	2	43	503	76	533	0.0	706
atha_NP_180607.1_cinnamate-4-hydroxylase_OG0002553	mpol_Mapoly0081s0008.1.p_NA_OG0002553	64.870	501	173	2	4	503	33	531	0.0	695
atha_NP_180607.1_cinnamate-4-hydroxylase_OG0002553	mpol_Mapoly0081s0009.1.p_NA_OG0002553	67.216	485	154	2	23	504	32	514	0.0	695
atha_NP_180607.1_cinnamate-4-hydroxylase_OG0002553	crja_XP_057839178.2_trans-cinnamate_4-monooxygenase_OG0002553	65.800	500	168	1	6	502	40	539	0.0	679
atha_NP_180607.1_cinnamate-4-hydroxylase_OG0002553	vvin_XP_002266142.1_cytochrome_P450_CYP73A100_OG0002553	64.155	491	171	3	15	502	41	529	0.0	672
atha_NP_180607.1_cinnamate-4-hydroxylase_OG0002553	csat_XP_011648970.2_cytochrome_P450_CYP73A100_OG0002553	63.655	498	175	4	11	505	32	526	0.0	672
atha_NP_180607.1_cinnamate-4-hydroxylase_OG0002553	crja_XP_057839147.2_trans-cinnamate_4-monooxygenase_C4H2_OG0002553	66.126	493	161	2	13	502	33	522	0.0	672
atha_NP_180607.1_cinnamate-4-hydroxylase_OG0002553	crja_XP_057839149.2_trans-cinnamate_4-monooxygenase_OG0002553	66.400	500	161	2	6	502	27	522	0.0	671
atha_NP_180607.1_cinnamate-4-hydroxylase_OG0002553	jreg_XP_018823563.1_cytochrome_P450_CYP73A100-like_OG0002553	64.386	497	167	4	14	502	37	531	0.0	671
atha_NP_180607.1_cinnamate-4-hydroxylase_OG0002553	tcac_Thecc.09G194900.1.p_NA_OG0002553	63.347	502	175	5	8	502	33	532	0.0	670
atha_NP_180607.1_cinnamate-4-hydroxylase_OG0002553	crja_XP_057839152.2_trans-cinnamate_4-monooxygenase_C4H2_OG0002553	65.675	504	166	2	2	502	23	522	0.0	669
atha_NP_180607.1_cinnamate-4-hydroxylase_OG0002553	crja_XP_059072495.1_trans-cinnamate_4-monooxygenase_C4H2-like_OG0002553	65.000	500	168	2	6	502	27	522	0.0	668
atha_NP_180607.1_cinnamate-4-hydroxylase_OG0002553	cill_XP_042964485.1_cytochrome_P450_CYP73A100-like_OG0002553	64.113	496	172	4	10	502	39	531	0.0	668
atha_NP_180607.1_cinnamate-4-hydroxylase_OG0002553	csat_XP_031736528.1_cytochrome_P450_CYP73A100_OG0002553	63.636	495	174	4	11	502	32	523	0.0	667
atha_NP_180607.1_cinnamate-4-hydroxylase_OG0002553	vvin_XP_002266037.1_cytochrome_P450_CYP73A100_OG0002553	62.698	504	181	4	4	502	30	531	0.0	667
atha_NP_180607.1_cinnamate-4-hydroxylase_OG0002553	csat_XP_011650127.2_cytochrome_P450_CYP73A100_OG0002553	63.636	495	174	4	11	502	37	528	0.0	666
atha_NP_180607.1_cinnamate-4-hydroxylase_OG0002553	stub_Soltu.DM.05G019180.1_NA_OG0002553	64.458	498	166	5	11	502	33	525	0.0	665
atha_NP_180607.1_cinnamate-4-hydroxylase_OG0002553	fves_FvH4_4g06180.t1_NA_OG0002553	66.596	470	152	3	33	499	52	519	0.0	665
atha_NP_180607.1_cinnamate-4-hydroxylase_OG0002553	crja_XP_059072496.1_trans-cinnamate_4-monooxygenase_C4H2-like_OG0002553	64.881	504	170	2	2	502	23	522	0.0	664
atha_NP_180607.1_cinnamate-4-hydroxylase_OG0002553	ptrh_XP_024446000.2_cytochrome_P450_CYP73A100_OG0002553	64.905	473	161	3	33	502	64	534	0.0	663
atha_NP_180607.1_cinnamate-4-hydroxylase_OG0002553	csat_XP_004152894.1_cytochrome_P450_CYP73A100_OG0002553	63.030	495	177	4	11	502	41	532	0.0	660
atha_NP_180607.1_cinnamate-4-hydroxylase_OG0002553	atri_XP_006850963.1_cytochrome_P450_CYP73A100_OG0002553	68.251	463	142	3	43	502	55	515	0.0	660
atha_NP_180607.1_cinnamate-4-hydroxylase_OG0002553	ccaj_XP_020213770.1_cytochrome_P450_CYP73A100_OG0002553	65.751	473	156	4	33	502	61	530	0.0	659
atha_NP_180607.1_cinnamate-4-hydroxylase_OG0002553	ahyp_arahy.Tifrunner.gnm1.ann1.K9QGVV.1_NA_OG0002553	62.151	502	183	5	8	504	36	535	0.0	658
atha_NP_180607.1_cinnamate-4-hydroxylase_OG0002553	slyc_XP_004240122.1_cytochrome_P450_CYP73A100_OG0002553	65.063	478	158	4	29	502	53	525	0.0	657
atha_NP_180607.1_cinnamate-4-hydroxylase_OG0002553	pvul_XP_068491403.1_cytochrome_P450_CYP73A100-like_OG0002553	65.466	472	157	4	34	502	66	534	0.0	657
atha_NP_180607.1_cinnamate-4-hydroxylase_OG0002553	mnot_XP_024028392.1_LOW_QUALITY_PROTEIN:_cytochrome_P450_CYP73A100_OG0002553	63.730	488	172	3	18	502	31	516	0.0	657
atha_NP_180607.1_cinnamate-4-hydroxylase_OG0002553	macu_XP_009417516.2_cytochrome_P450_CYP73A100_OG0002553	66.102	472	154	3	34	502	56	524	0.0	656
atha_NP_180607.1_cinnamate-4-hydroxylase_OG0002553	ahyp_arahy.Tifrunner.gnm1.ann1.W3WWNZ.1_NA_OG0002553	62.550	502	168	5	8	504	36	522	0.0	654
atha_NP_180607.1_cinnamate-4-hydroxylase_OG0002553	macu_XP_064954447.1_cytochrome_P450_CYP73A100-like_OG0002553	65.063	478	161	3	28	502	45	519	0.0	653
atha_NP_180607.1_cinnamate-4-hydroxylase_OG0002553	crja_XP_057839151.2_trans-cinnamate_4-monooxygenase_C4H2_OG0002553	65.278	504	167	3	2	502	23	521	0.0	652
atha_NP_180607.1_cinnamate-4-hydroxylase_OG0002553	gmax_NP_001358148.1_cinnamate_4-hydroxylase_OG0002553	64.482	473	162	4	33	502	66	535	0.0	652
atha_NP_180607.1_cinnamate-4-hydroxylase_OG0002553	osaj_XP_015626579.1_cytochrome_P450_CYP73A100_OG0002553	62.222	495	181	3	11	502	39	530	0.0	651
atha_NP_180607.1_cinnamate-4-hydroxylase_OG0002553	cave_XP_059454173.1_cytochrome_P450_CYP73A100-like_OG0002553	64.718	479	164	3	27	502	45	521	0.0	650
atha_NP_180607.1_cinnamate-4-hydroxylase_OG0002553	osaj_XP_015623447.1_cytochrome_P450_CYP73A100_OG0002553	63.559	472	168	2	34	502	60	530	0.0	647
atha_NP_180607.1_cinnamate-4-hydroxylase_OG0002553	taes_XP_044423794.1_cytochrome_P450_CYP73A100-like_OG0002553	62.661	466	171	1	40	502	63	528	0.0	634
atha_NP_180607.1_cinnamate-4-hydroxylase_OG0002553	sbic_XP_002452044.1_cytochrome_P450_CYP73A100_OG0002553	63.090	466	168	2	40	502	63	527	0.0	634
atha_NP_180607.1_cinnamate-4-hydroxylase_OG0002553	taes_XP_044440137.1_cytochrome_P450_CYP73A100-like_OG0002553	63.578	464	164	2	43	502	68	530	0.0	629
atha_NP_180607.1_cinnamate-4-hydroxylase_OG0002553	azfi_Azfi_s0012.g012968_NA_OG0002553	64.815	486	114	4	17	502	34	462	0.0	628
atha_NP_180607.1_cinnamate-4-hydroxylase_OG0002553	taes_XP_044432981.1_cytochrome_P450_CYP73A100-like_OG0002553	63.283	463	167	1	43	502	67	529	0.0	628
atha_NP_180607.1_cinnamate-4-hydroxylase_OG0002553	taes_XP_044319588.1_cytochrome_P450_CYP73A100-like_OG0002553	63.067	463	167	2	43	502	68	529	0.0	624
atha_NP_180607.1_cinnamate-4-hydroxylase_OG0002553	taes_XP_044327902.1_cytochrome_P450_CYP73A100-like_OG0002553	62.635	463	169	2	43	502	67	528	0.0	619
atha_NP_180607.1_cinnamate-4-hydroxylase_OG0002553	zmay_NP_001151365.2_trans-cinnamate_4-monooxygenase_OG0002553	62.851	463	167	3	43	502	68	528	0.0	610
atha_NP_180607.1_cinnamate-4-hydroxylase_OG0002553	macu_XP_064954443.1_cytochrome_P450_CYP73A100-like_OG0002553	64.414	444	152	3	62	502	2	442	0.0	597
