atha_NP_181241.1_PHE_ammonia_lyase_1_OG0000380	atha_NP_181241.1_PHE_ammonia_lyase_1_OG0000380	100.000	725	0	0	1	725	1	725	0.0	1502
atha_NP_181241.1_PHE_ammonia_lyase_1_OG0000380	brap_XP_009141625.1_phenylalanine_ammonia-lyase_1_OG0000380	94.897	725	34	2	1	725	1	722	0.0	1431
atha_NP_181241.1_PHE_ammonia_lyase_1_OG0000380	brap_XP_009143533.1_phenylalanine_ammonia-lyase_1_OG0000380	94.766	726	30	3	1	725	1	719	0.0	1421
atha_NP_181241.1_PHE_ammonia_lyase_1_OG0000380	brap_XP_009116020.2_phenylalanine_ammonia-lyase_2_OG0000380	91.022	724	62	2	2	725	3	723	0.0	1367
atha_NP_181241.1_PHE_ammonia_lyase_1_OG0000380	brap_XP_033145799.1_phenylalanine_ammonia-lyase_2_isoform_X1_OG0000380	90.331	724	68	1	2	725	3	724	0.0	1358
atha_NP_181241.1_PHE_ammonia_lyase_1_OG0000380	atha_NP_190894.1_phenylalanine_ammonia-lyase_2_OG0000380	90.756	714	64	1	14	725	4	717	0.0	1357
atha_NP_181241.1_PHE_ammonia_lyase_1_OG0000380	brap_XP_009103852.1_phenylalanine_ammonia-lyase_2_OG0000380	90.309	712	67	1	14	725	9	718	0.0	1348
atha_NP_181241.1_PHE_ammonia_lyase_1_OG0000380	ptrh_XP_006381441.1_phenylalanine_ammonia-lyase-like_OG0000380	86.869	693	90	1	34	725	22	714	0.0	1269
atha_NP_181241.1_PHE_ammonia_lyase_1_OG0000380	ptrh_XP_002322884.2_phenylalanine_ammonia-lyase-like_OG0000380	85.877	701	98	1	26	725	15	715	0.0	1267
atha_NP_181241.1_PHE_ammonia_lyase_1_OG0000380	vvin_XP_002268732.1_phenylalanine_ammonia-lyase_OG0000380	84.410	712	109	1	14	725	1	710	0.0	1263
atha_NP_181241.1_PHE_ammonia_lyase_1_OG0000380	vvin_XP_003633985.1_phenylalanine_ammonia-lyase-like_OG0000380	84.270	712	110	1	14	725	1	710	0.0	1259
atha_NP_181241.1_PHE_ammonia_lyase_1_OG0000380	vvin_NP_001384847.1_phenylalanine_ammonia-lyase_OG0000380	84.270	712	110	1	14	725	1	710	0.0	1259
atha_NP_181241.1_PHE_ammonia_lyase_1_OG0000380	mdom_MD12G1116700_NA_OG0000380	83.727	719	105	3	7	725	14	720	0.0	1259
atha_NP_181241.1_PHE_ammonia_lyase_1_OG0000380	vvin_XP_002267953.1_phenylalanine_ammonia-lyase-like_OG0000380	84.129	712	111	1	14	725	1	710	0.0	1259
atha_NP_181241.1_PHE_ammonia_lyase_1_OG0000380	vvin_XP_059589838.1_phenylalanine_ammonia-lyase_OG0000380	83.848	712	113	1	14	725	1	710	0.0	1257
atha_NP_181241.1_PHE_ammonia_lyase_1_OG0000380	vvin_XP_059589812.1_phenylalanine_ammonia-lyase_OG0000380	83.989	712	112	1	14	725	1	710	0.0	1256
atha_NP_181241.1_PHE_ammonia_lyase_1_OG0000380	mnot_XP_024028739.1_phenylalanine_ammonia-lyase_1_isoform_X1_OG0000380	84.971	692	104	0	34	725	35	726	0.0	1254
atha_NP_181241.1_PHE_ammonia_lyase_1_OG0000380	ahyp_arahy.Tifrunner.gnm1.ann1.PUMP6L.1_NA_OG0000380	84.892	695	105	0	31	725	35	729	0.0	1254
atha_NP_181241.1_PHE_ammonia_lyase_1_OG0000380	csat_XP_031743814.1_phenylalanine_ammonia-lyase_OG0000380	85.983	692	97	0	34	725	21	712	0.0	1253
atha_NP_181241.1_PHE_ammonia_lyase_1_OG0000380	gmax_NP_001343985.1_phenylalanine_ammonia-lyase_1.1_OG0000380	84.682	692	106	0	34	725	21	712	0.0	1253
atha_NP_181241.1_PHE_ammonia_lyase_1_OG0000380	tcac_Thecc.05G062400.1.p_NA_OG0000380	82.069	725	127	1	1	725	1	722	0.0	1252
atha_NP_181241.1_PHE_ammonia_lyase_1_OG0000380	mdom_MD04G1096200_NA_OG0000380	82.687	722	112	3	4	725	12	720	0.0	1252
atha_NP_181241.1_PHE_ammonia_lyase_1_OG0000380	cave_XP_059462933.1_phenylalanine_ammonia-lyase_1_OG0000380	84.211	703	109	1	25	725	7	709	0.0	1252
atha_NP_181241.1_PHE_ammonia_lyase_1_OG0000380	gmax_NP_001343987.1_phenylalanine_ammonia-lyase_1_OG0000380	84.416	693	108	0	32	724	23	715	0.0	1251
atha_NP_181241.1_PHE_ammonia_lyase_1_OG0000380	vvin_XP_010662075.1_phenylalanine_ammonia-lyase_OG0000380	83.427	712	116	1	14	725	1	710	0.0	1246
atha_NP_181241.1_PHE_ammonia_lyase_1_OG0000380	vvin_XP_002281799.1_phenylalanine_ammonia-lyase-like_OG0000380	83.287	712	117	1	14	725	1	710	0.0	1246
atha_NP_181241.1_PHE_ammonia_lyase_1_OG0000380	csat_XP_011657651.2_phenylalanine_ammonia-lyase_OG0000380	84.406	699	109	0	27	725	10	708	0.0	1246
atha_NP_181241.1_PHE_ammonia_lyase_1_OG0000380	cill_XP_042968462.1_phenylalanine_ammonia-lyase_OG0000380	84.120	699	110	1	27	725	16	713	0.0	1245
atha_NP_181241.1_PHE_ammonia_lyase_1_OG0000380	ccaj_XP_020216251.1_phenylalanine_ammonia-lyase_class_2_OG0000380	83.977	699	112	0	27	725	17	715	0.0	1244
atha_NP_181241.1_PHE_ammonia_lyase_1_OG0000380	slyc_NP_001307538.1_phenylalanine_ammonia-lyase_3_OG0000380	83.119	699	115	1	30	725	23	721	0.0	1244
atha_NP_181241.1_PHE_ammonia_lyase_1_OG0000380	jreg_XP_035539291.1_phenylalanine_ammonia-lyase_G4_OG0000380	83.834	699	112	1	27	725	22	719	0.0	1243
atha_NP_181241.1_PHE_ammonia_lyase_1_OG0000380	pvul_XP_068473317.1_phenylalanine_ammonia-lyase_1_OG0000380	83.671	692	113	0	34	725	24	715	0.0	1241
atha_NP_181241.1_PHE_ammonia_lyase_1_OG0000380	csat_XP_004143258.1_phenylalanine_ammonia-lyase_OG0000380	83.714	700	114	0	26	725	14	713	0.0	1241
atha_NP_181241.1_PHE_ammonia_lyase_1_OG0000380	csie_XP_028066321.1_phenylalanine_ammonia-lyase_OG0000380	84.848	693	105	0	33	725	22	714	0.0	1241
atha_NP_181241.1_PHE_ammonia_lyase_1_OG0000380	ptrh_XP_002315308.2_phenylalanine_ammonia-lyase_G2B_isoform_X1_OG0000380	84.195	696	110	0	30	725	16	711	0.0	1240
atha_NP_181241.1_PHE_ammonia_lyase_1_OG0000380	slyc_NP_001306969.1_phenylalanine_ammonia-lyase_OG0000380	83.119	699	115	1	30	725	23	721	0.0	1239
atha_NP_181241.1_PHE_ammonia_lyase_1_OG0000380	gmax_NP_001343983.1_phenylalanine_ammonia-lyase_2.3_OG0000380	83.405	699	116	0	27	725	18	716	0.0	1239
atha_NP_181241.1_PHE_ammonia_lyase_1_OG0000380	ccaj_XP_020211856.1_phenylalanine_ammonia-lyase_1_OG0000380	83.815	692	112	0	34	725	16	707	0.0	1238
atha_NP_181241.1_PHE_ammonia_lyase_1_OG0000380	gmax_NP_001236956.2_phenylalanine_ammonia-lyase_2.1_OG0000380	83.024	701	119	0	25	725	17	717	0.0	1238
atha_NP_181241.1_PHE_ammonia_lyase_1_OG0000380	ptrh_XP_002312013.1_phenylalanine_ammonia-lyase_G4_OG0000380	84.052	696	111	0	30	725	16	711	0.0	1237
atha_NP_181241.1_PHE_ammonia_lyase_1_OG0000380	stub_Soltu.DM.09G005690.1_NA_OG0000380	82.546	699	119	1	30	725	24	722	0.0	1236
atha_NP_181241.1_PHE_ammonia_lyase_1_OG0000380	tcac_Thecc.10G076600.1.p_NA_OG0000380	84.104	692	110	0	34	725	22	713	0.0	1235
atha_NP_181241.1_PHE_ammonia_lyase_1_OG0000380	csie_XP_028109357.1_phenylalanine_ammonia-lyase-like_OG0000380	84.294	694	108	1	33	725	19	712	0.0	1235
atha_NP_181241.1_PHE_ammonia_lyase_1_OG0000380	vvin_XP_002285277.1_phenylalanine_ammonia-lyase_OG0000380	82.011	706	126	1	21	725	12	717	0.0	1233
atha_NP_181241.1_PHE_ammonia_lyase_1_OG0000380	stub_Soltu.DM.09G005700.1_NA_OG0000380	82.546	699	119	1	30	725	24	722	0.0	1233
atha_NP_181241.1_PHE_ammonia_lyase_1_OG0000380	csat_XP_004143356.3_phenylalanine_ammonia-lyase_OG0000380	84.104	692	110	0	34	725	26	717	0.0	1232
atha_NP_181241.1_PHE_ammonia_lyase_1_OG0000380	cann_XP_047251840.1_phenylalanine_ammonia-lyase-like_isoform_X1_OG0000380	81.085	719	124	2	10	725	12	721	0.0	1231
atha_NP_181241.1_PHE_ammonia_lyase_1_OG0000380	ahyp_arahy.Tifrunner.gnm1.ann1.5H4H17.1_NA_OG0000380	81.575	711	127	1	15	725	8	714	0.0	1230
atha_NP_181241.1_PHE_ammonia_lyase_1_OG0000380	pvul_XP_068491691.1_phenylalanine_ammonia-lyase_class_2_OG0000380	81.742	712	130	0	14	725	1	712	0.0	1229
atha_NP_181241.1_PHE_ammonia_lyase_1_OG0000380	csat_XP_031739733.1_phenylalanine_ammonia-lyase_OG0000380	83.838	693	112	0	33	725	21	713	0.0	1229
atha_NP_181241.1_PHE_ammonia_lyase_1_OG0000380	cann_XP_016554784.1_phenylalanine_ammonia-lyase_OG0000380	82.997	694	116	1	34	725	19	712	0.0	1229
atha_NP_181241.1_PHE_ammonia_lyase_1_OG0000380	vvin_XP_010658395.1_phenylalanine_ammonia-lyase_G1_OG0000380	80.743	727	134	3	1	725	1	723	0.0	1228
atha_NP_181241.1_PHE_ammonia_lyase_1_OG0000380	stub_Soltu.DM.09G005710.1_NA_OG0000380	82.117	699	122	1	30	725	21	719	0.0	1228
atha_NP_181241.1_PHE_ammonia_lyase_1_OG0000380	ptrh_XP_052312283.1_phenylalanine_ammonia-lyase_G2B_isoform_X3_OG0000380	83.477	696	115	0	30	725	16	711	0.0	1228
atha_NP_181241.1_PHE_ammonia_lyase_1_OG0000380	cill_XP_042952075.1_phenylalanine_ammonia-lyase-like_OG0000380	81.780	708	128	1	17	724	1	707	0.0	1226
atha_NP_181241.1_PHE_ammonia_lyase_1_OG0000380	csat_XP_004143255.1_phenylalanine_ammonia-lyase_1_OG0000380	83.382	692	115	0	34	725	23	714	0.0	1226
atha_NP_181241.1_PHE_ammonia_lyase_1_OG0000380	csie_XP_028058657.1_phenylalanine_ammonia-lyase_G1_OG0000380	82.590	695	120	1	32	725	15	709	0.0	1225
atha_NP_181241.1_PHE_ammonia_lyase_1_OG0000380	stub_Soltu.DM.03G004900.1_NA_OG0000380	82.158	695	121	1	34	725	29	723	0.0	1224
atha_NP_181241.1_PHE_ammonia_lyase_1_OG0000380	fves_FvH4_6g16060.t1_NA_OG0000380	80.801	724	131	5	4	725	7	724	0.0	1224
atha_NP_181241.1_PHE_ammonia_lyase_1_OG0000380	jreg_XP_018828772.1_phenylalanine_ammonia-lyase_OG0000380	81.356	708	131	1	17	724	1	707	0.0	1224
atha_NP_181241.1_PHE_ammonia_lyase_1_OG0000380	cave_XP_059457926.1_phenylalanine_ammonia-lyase_OG0000380	83.792	691	112	0	34	724	22	712	0.0	1224
atha_NP_181241.1_PHE_ammonia_lyase_1_OG0000380	stub_Soltu.DM.10G020990.1_NA_OG0000380	82.709	694	118	1	34	725	18	711	0.0	1223
atha_NP_181241.1_PHE_ammonia_lyase_1_OG0000380	jreg_XP_018859391.1_phenylalanine_ammonia-lyase-like_OG0000380	79.696	724	134	3	1	724	1	711	0.0	1221
atha_NP_181241.1_PHE_ammonia_lyase_1_OG0000380	gmax_XP_003556238.1_phenylalanine_ammonia-lyase_2_OG0000380	81.714	700	127	1	27	725	18	717	0.0	1219
atha_NP_181241.1_PHE_ammonia_lyase_1_OG0000380	ahyp_arahy.Tifrunner.gnm1.ann1.NB2RRK.1_NA_OG0000380	82.471	696	121	1	31	725	16	711	0.0	1219
atha_NP_181241.1_PHE_ammonia_lyase_1_OG0000380	cill_XP_042942549.1_phenylalanine_ammonia-lyase_isoform_X1_OG0000380	79.834	724	133	3	1	724	1	711	0.0	1219
atha_NP_181241.1_PHE_ammonia_lyase_1_OG0000380	mdom_MD01G1106900_NA_OG0000380	82.615	696	120	1	29	724	25	719	0.0	1218
atha_NP_181241.1_PHE_ammonia_lyase_1_OG0000380	csat_NP_001295839.1_phenylalanine_ammonia-lyase-like_OG0000380	82.973	693	118	0	33	725	21	713	0.0	1218
atha_NP_181241.1_PHE_ammonia_lyase_1_OG0000380	stub_Soltu.DM.03G004870.1_NA_OG0000380	81.727	695	124	1	34	725	29	723	0.0	1217
atha_NP_181241.1_PHE_ammonia_lyase_1_OG0000380	csat_XP_031744164.1_phenylalanine_ammonia-lyase_OG0000380	83.382	692	115	0	34	725	14	705	0.0	1217
atha_NP_181241.1_PHE_ammonia_lyase_1_OG0000380	mdom_MD07G1172700_NA_OG0000380	82.184	696	123	1	29	724	25	719	0.0	1216
atha_NP_181241.1_PHE_ammonia_lyase_1_OG0000380	slyc_XP_004249558.1_phenylalanine_ammonia-lyase_OG0000380	81.988	694	123	1	34	725	18	711	0.0	1216
atha_NP_181241.1_PHE_ammonia_lyase_1_OG0000380	gmax_XP_014618798.1_phenylalanine_ammonia-lyase_2_isoform_X2_OG0000380	79.642	727	142	3	1	725	1	723	0.0	1215
atha_NP_181241.1_PHE_ammonia_lyase_1_OG0000380	mnot_XP_024028734.1_phenylalanine_ammonia-lyase_class_1_OG0000380	83.382	692	106	3	34	725	35	717	0.0	1214
atha_NP_181241.1_PHE_ammonia_lyase_1_OG0000380	ahyp_arahy.Tifrunner.gnm1.ann1.0B4MFB.1_NA_OG0000380	82.014	695	124	1	31	724	16	710	0.0	1209
atha_NP_181241.1_PHE_ammonia_lyase_1_OG0000380	stub_Soltu.DM.09G005720.1_NA_OG0000380	80.544	699	133	1	30	725	25	723	0.0	1208
atha_NP_181241.1_PHE_ammonia_lyase_1_OG0000380	macu_XP_009392118.2_phenylalanine_ammonia-lyase_OG0000380	82.225	692	123	0	34	725	21	712	0.0	1207
atha_NP_181241.1_PHE_ammonia_lyase_1_OG0000380	ccaj_XP_020229671.1_phenylalanine_ammonia-lyase_2_OG0000380	81.674	693	126	1	34	725	26	718	0.0	1204
atha_NP_181241.1_PHE_ammonia_lyase_1_OG0000380	csie_XP_028070620.1_phenylalanine_ammonia-lyase-like_OG0000380	81.223	703	132	0	23	725	1	703	0.0	1198
atha_NP_181241.1_PHE_ammonia_lyase_1_OG0000380	csie_XP_028103618.1_phenylalanine_ammonia-lyase-like_OG0000380	81.241	693	128	1	33	725	16	706	0.0	1198
atha_NP_181241.1_PHE_ammonia_lyase_1_OG0000380	pvul_XP_068491192.1_phenylalanine_ammonia-lyase_2_OG0000380	78.099	726	147	3	1	725	1	715	0.0	1197
atha_NP_181241.1_PHE_ammonia_lyase_1_OG0000380	slyc_XP_069152399.1_LOW_QUALITY_PROTEIN:_phenylalanine_ammonia-lyase_OG0000380	80.576	695	132	1	34	725	26	720	0.0	1194
atha_NP_181241.1_PHE_ammonia_lyase_1_OG0000380	csat_XP_004145752.1_phenylalanine_ammonia-lyase_OG0000380	80.347	692	136	0	33	724	21	712	0.0	1192
atha_NP_181241.1_PHE_ammonia_lyase_1_OG0000380	atha_NP_187645.1_phenylalanine_ammonia-lyase_4_OG0000380	81.674	693	125	2	34	725	16	707	0.0	1191
atha_NP_181241.1_PHE_ammonia_lyase_1_OG0000380	stub_Soltu.DM.03G011480.1_NA_OG0000380	82.764	673	113	1	56	725	1	673	0.0	1190
atha_NP_181241.1_PHE_ammonia_lyase_1_OG0000380	brap_XP_009146849.1_phenylalanine_ammonia-lyase_4_OG0000380	81.143	700	128	3	27	725	10	706	0.0	1189
atha_NP_181241.1_PHE_ammonia_lyase_1_OG0000380	stub_Soltu.DM.10G005900.1_NA_OG0000380	78.378	703	149	1	26	725	7	709	0.0	1185
atha_NP_181241.1_PHE_ammonia_lyase_1_OG0000380	macu_XP_009399473.2_phenylalanine_ammonia-lyase_OG0000380	78.542	727	134	6	1	725	3	709	0.0	1182
atha_NP_181241.1_PHE_ammonia_lyase_1_OG0000380	macu_XP_009401948.2_phenylalanine_ammonia-lyase_2_OG0000380	80.952	693	131	1	34	725	19	711	0.0	1181
atha_NP_181241.1_PHE_ammonia_lyase_1_OG0000380	csie_XP_028111048.1_phenylalanine_ammonia-lyase_G4-like_OG0000380	79.310	696	144	0	30	725	14	709	0.0	1171
atha_NP_181241.1_PHE_ammonia_lyase_1_OG0000380	slyc_XP_025883613.1_phenylalanine_ammonia-lyase-like_OG0000380	77.635	702	154	1	26	724	7	708	0.0	1169
atha_NP_181241.1_PHE_ammonia_lyase_1_OG0000380	fves_FvH4_7g19130.t1_NA_OG0000380	80.174	691	137	0	34	724	27	717	0.0	1169
atha_NP_181241.1_PHE_ammonia_lyase_1_OG0000380	cann_XP_016573925.1_phenylalanine_ammonia-lyase_1_OG0000380	81.007	695	124	2	33	725	35	723	0.0	1167
atha_NP_181241.1_PHE_ammonia_lyase_1_OG0000380	macu_XP_009384657.2_phenylalanine_ammonia-lyase_2_OG0000380	81.241	693	129	1	34	725	21	713	0.0	1165
atha_NP_181241.1_PHE_ammonia_lyase_1_OG0000380	slyc_NP_001307530.1_phenylalanine_ammonia-lyase_2_OG0000380	80.548	694	128	2	33	725	22	709	0.0	1165
atha_NP_181241.1_PHE_ammonia_lyase_1_OG0000380	slyc_XP_069146425.1_phenylalanine_ammonia-lyase-like_OG0000380	77.208	702	157	1	26	724	7	708	0.0	1164
atha_NP_181241.1_PHE_ammonia_lyase_1_OG0000380	tcac_Thecc.09G343800.1.p_NA_OG0000380	79.335	692	143	0	34	725	22	713	0.0	1162
atha_NP_181241.1_PHE_ammonia_lyase_1_OG0000380	stub_Soltu.DM.05G026870.1_NA_OG0000380	77.870	723	139	4	3	724	4	706	0.0	1158
atha_NP_181241.1_PHE_ammonia_lyase_1_OG0000380	macu_XP_009413725.3_phenylalanine_ammonia-lyase-like_OG0000380	79.251	694	142	1	34	725	16	709	0.0	1157
atha_NP_181241.1_PHE_ammonia_lyase_1_OG0000380	csat_XP_004143260.2_phenylalanine_ammonia-lyase_OG0000380	78.757	692	147	0	34	725	14	705	0.0	1157
atha_NP_181241.1_PHE_ammonia_lyase_1_OG0000380	cave_XP_059455956.1_phenylalanine_ammonia-lyase-like_OG0000380	77.260	708	144	1	17	724	1	691	0.0	1151
atha_NP_181241.1_PHE_ammonia_lyase_1_OG0000380	csat_XP_004149916.1_phenylalanine_ammonia-lyase_G4_OG0000380	79.476	687	141	0	38	724	26	712	0.0	1150
atha_NP_181241.1_PHE_ammonia_lyase_1_OG0000380	cave_XP_059455982.1_phenylalanine_ammonia-lyase_G1-like_OG0000380	77.539	699	146	2	30	724	6	697	0.0	1142
atha_NP_181241.1_PHE_ammonia_lyase_1_OG0000380	macu_XP_064941924.1_phenylalanine_ammonia-lyase-like_OG0000380	79.601	701	141	2	25	725	13	711	0.0	1138
atha_NP_181241.1_PHE_ammonia_lyase_1_OG0000380	macu_XP_009421282.2_phenylalanine_ammonia-lyase_OG0000380	80.323	681	133	1	45	725	32	711	0.0	1130
atha_NP_181241.1_PHE_ammonia_lyase_1_OG0000380	taes_XP_044333551.1_phenylalanine_ammonia-lyase-like_OG0000380	76.734	692	159	2	34	725	24	713	0.0	1127
atha_NP_181241.1_PHE_ammonia_lyase_1_OG0000380	stub_Soltu.DM.03G011490.1_NA_OG0000380	83.412	639	103	1	56	691	1	639	0.0	1127
atha_NP_181241.1_PHE_ammonia_lyase_1_OG0000380	taes_XP_044458332.1_phenylalanine_ammonia-lyase_OG0000380	77.023	692	157	2	34	725	24	713	0.0	1126
atha_NP_181241.1_PHE_ammonia_lyase_1_OG0000380	taes_XP_044325327.1_phenylalanine_ammonia-lyase-like_OG0000380	76.879	692	158	2	34	725	24	713	0.0	1125
atha_NP_181241.1_PHE_ammonia_lyase_1_OG0000380	taes_XP_044333552.1_phenylalanine_ammonia-lyase-like_OG0000380	76.879	692	158	2	34	725	24	713	0.0	1125
atha_NP_181241.1_PHE_ammonia_lyase_1_OG0000380	taes_XP_044325324.1_phenylalanine_ammonia-lyase-like_OG0000380	76.879	692	158	2	34	725	24	713	0.0	1124
atha_NP_181241.1_PHE_ammonia_lyase_1_OG0000380	taes_XP_044458330.1_phenylalanine_ammonia-lyase-like_OG0000380	76.445	692	161	2	34	725	24	713	0.0	1123
atha_NP_181241.1_PHE_ammonia_lyase_1_OG0000380	taes_XP_044325326.1_phenylalanine_ammonia-lyase-like_OG0000380	76.590	692	160	2	34	725	24	713	0.0	1121
atha_NP_181241.1_PHE_ammonia_lyase_1_OG0000380	taes_XP_044383181.1_phenylalanine_ammonia-lyase-like_OG0000380	76.156	692	163	2	34	725	18	707	0.0	1121
atha_NP_181241.1_PHE_ammonia_lyase_1_OG0000380	taes_XP_044447897.1_phenylalanine_ammonia-lyase-like_OG0000380	75.723	692	166	2	34	725	18	707	0.0	1117
atha_NP_181241.1_PHE_ammonia_lyase_1_OG0000380	osaj_XP_015625125.1_phenylalanine_ammonia-lyase_OG0000380	76.879	692	159	1	34	725	28	718	0.0	1116
atha_NP_181241.1_PHE_ammonia_lyase_1_OG0000380	taes_XP_044383165.1_phenylalanine_ammonia-lyase-like_OG0000380	76.156	692	163	2	34	725	25	714	0.0	1115
atha_NP_181241.1_PHE_ammonia_lyase_1_OG0000380	taes_XP_044458329.1_phenylalanine_ammonia-lyase-like_OG0000380	76.445	692	161	2	34	725	24	713	0.0	1115
atha_NP_181241.1_PHE_ammonia_lyase_1_OG0000380	taes_XP_044383153.1_phenylalanine_ammonia-lyase-like_OG0000380	76.012	692	164	2	34	725	25	714	0.0	1114
atha_NP_181241.1_PHE_ammonia_lyase_1_OG0000380	taes_XP_044455123.1_phenylalanine_ammonia-lyase-like_OG0000380	75.867	692	165	2	34	725	18	707	0.0	1113
atha_NP_181241.1_PHE_ammonia_lyase_1_OG0000380	osaj_XP_015633749.1_phenylalanine_ammonia-lyase_OG0000380	76.734	692	159	2	34	725	25	714	0.0	1113
atha_NP_181241.1_PHE_ammonia_lyase_1_OG0000380	taes_XP_044333550.1_phenylalanine_ammonia-lyase-like_OG0000380	76.590	692	160	2	34	725	24	713	0.0	1112
atha_NP_181241.1_PHE_ammonia_lyase_1_OG0000380	sbic_XP_021319560.1_phenylalanine_ammonia-lyase_OG0000380	76.513	694	161	2	32	725	23	714	0.0	1112
atha_NP_181241.1_PHE_ammonia_lyase_1_OG0000380	taes_XP_044391111.1_phenylalanine_ammonia-lyase-like_OG0000380	75.867	692	165	2	34	725	18	707	0.0	1112
atha_NP_181241.1_PHE_ammonia_lyase_1_OG0000380	taes_XP_044383176.1_phenylalanine_ammonia-lyase-like_OG0000380	75.723	692	166	2	34	725	24	713	0.0	1112
atha_NP_181241.1_PHE_ammonia_lyase_1_OG0000380	taes_XP_044447896.1_phenylalanine_ammonia-lyase-like_OG0000380	75.723	692	166	2	34	725	25	714	0.0	1111
atha_NP_181241.1_PHE_ammonia_lyase_1_OG0000380	zmay_NP_001147433.2_phenylalanine_ammonia-lyase_OG0000380	76.734	692	159	2	34	725	26	715	0.0	1110
atha_NP_181241.1_PHE_ammonia_lyase_1_OG0000380	taes_XP_044391110.1_phenylalanine_ammonia-lyase-like_OG0000380	76.590	692	160	2	34	725	24	713	0.0	1110
atha_NP_181241.1_PHE_ammonia_lyase_1_OG0000380	taes_XP_044447898.1_phenylalanine_ammonia-lyase-like_OG0000380	75.867	692	165	2	34	725	25	714	0.0	1108
atha_NP_181241.1_PHE_ammonia_lyase_1_OG0000380	atri_XP_006846821.1_phenylalanine_ammonia-lyase_OG0000380	73.611	720	176	2	6	725	5	710	0.0	1108
atha_NP_181241.1_PHE_ammonia_lyase_1_OG0000380	taes_XP_044455139.1_phenylalanine_ammonia-lyase-like_OG0000380	75.723	692	166	2	34	725	25	714	0.0	1108
atha_NP_181241.1_PHE_ammonia_lyase_1_OG0000380	taes_XP_044323148.1_phenylalanine_ammonia-lyase-like_OG0000380	75.578	692	166	3	34	725	18	706	0.0	1107
atha_NP_181241.1_PHE_ammonia_lyase_1_OG0000380	taes_XP_044366156.1_phenylalanine_ammonia-lyase-like_OG0000380	75.867	692	165	2	34	725	24	713	0.0	1105
atha_NP_181241.1_PHE_ammonia_lyase_1_OG0000380	taes_XP_044383188.1_phenylalanine_ammonia-lyase-like_OG0000380	75.723	692	166	2	34	725	25	714	0.0	1104
atha_NP_181241.1_PHE_ammonia_lyase_1_OG0000380	ccaj_XP_020209025.2_phenylalanine_ammonia-lyase_G4_OG0000380	75.434	692	167	2	34	724	4	693	0.0	1103
atha_NP_181241.1_PHE_ammonia_lyase_1_OG0000380	stub_Soltu.DM.03G011440.1_NA_OG0000380	78.939	660	110	2	69	725	18	651	0.0	1103
atha_NP_181241.1_PHE_ammonia_lyase_1_OG0000380	taes_XP_044455110.1_phenylalanine_ammonia-lyase-like_OG0000380	75.289	692	169	2	34	725	24	713	0.0	1102
atha_NP_181241.1_PHE_ammonia_lyase_1_OG0000380	sbic_XP_002454199.1_phenylalanine_ammonia-lyase_OG0000380	75.145	692	171	1	34	725	28	718	0.0	1100
atha_NP_181241.1_PHE_ammonia_lyase_1_OG0000380	zmay_NP_001168086.1_phenylalanine_ammonia-lyase_OG0000380	74.028	720	174	3	10	725	5	715	0.0	1098
atha_NP_181241.1_PHE_ammonia_lyase_1_OG0000380	taes_XP_044390147.1_phenylalanine_ammonia-lyase-like_OG0000380	75.540	695	168	2	31	725	16	708	0.0	1098
atha_NP_181241.1_PHE_ammonia_lyase_1_OG0000380	zmay_NP_001141469.2_Phenylalanine_ammonia-lyase_OG0000380	75.398	691	168	2	36	725	30	719	0.0	1098
atha_NP_181241.1_PHE_ammonia_lyase_1_OG0000380	taes_XP_044448550.1_phenylalanine_ammonia-lyase-like_OG0000380	75.540	695	168	2	31	725	16	708	0.0	1097
atha_NP_181241.1_PHE_ammonia_lyase_1_OG0000380	ahyp_arahy.Tifrunner.gnm1.ann1.9CK4GV.1_NA_OG0000380	74.388	695	175	2	34	725	23	717	0.0	1097
atha_NP_181241.1_PHE_ammonia_lyase_1_OG0000380	taes_XP_044323146.1_phenylalanine_ammonia-lyase-like_OG0000380	76.156	692	163	2	34	725	18	707	0.0	1097
atha_NP_181241.1_PHE_ammonia_lyase_1_OG0000380	osaj_NP_001403678.1_phenylalanine_ammonia-lyase_OG0000380	76.445	692	161	2	34	725	24	713	0.0	1097
atha_NP_181241.1_PHE_ammonia_lyase_1_OG0000380	zmay_XP_008645952.1_phenylalanine_ammonia-lyase_OG0000380	75.723	692	167	1	34	725	14	704	0.0	1095
atha_NP_181241.1_PHE_ammonia_lyase_1_OG0000380	zmay_NP_001151482.2_phenylalanine_ammonia-lyase_OG0000380	75.216	694	169	2	34	725	26	718	0.0	1093
atha_NP_181241.1_PHE_ammonia_lyase_1_OG0000380	taes_XP_044456328.1_phenylalanine_ammonia-lyase-like_OG0000380	75.578	692	167	2	34	725	18	707	0.0	1093
atha_NP_181241.1_PHE_ammonia_lyase_1_OG0000380	mnot_XP_010106883.2_phenylalanine_ammonia-lyase_OG0000380	74.964	695	168	5	34	725	25	716	0.0	1093
atha_NP_181241.1_PHE_ammonia_lyase_1_OG0000380	taes_XP_044331405.1_phenylalanine_ammonia-lyase-like_OG0000380	75.723	692	166	2	34	725	18	707	0.0	1092
atha_NP_181241.1_PHE_ammonia_lyase_1_OG0000380	taes_XP_044456157.1_phenylalanine_ammonia-lyase-like_OG0000380	75.578	692	167	2	34	725	18	707	0.0	1091
atha_NP_181241.1_PHE_ammonia_lyase_1_OG0000380	taes_XP_044331587.1_phenylalanine_ammonia-lyase-like_OG0000380	75.578	692	167	2	34	725	18	707	0.0	1090
atha_NP_181241.1_PHE_ammonia_lyase_1_OG0000380	taes_XP_044403449.1_phenylalanine_ammonia-lyase-like_OG0000380	75.723	692	167	1	34	725	24	714	0.0	1086
atha_NP_181241.1_PHE_ammonia_lyase_1_OG0000380	ccaj_XP_020234357.1_phenylalanine_ammonia-lyase_class_3_OG0000380	72.792	702	189	2	24	724	16	716	0.0	1084
atha_NP_181241.1_PHE_ammonia_lyase_1_OG0000380	sbic_XP_002452479.1_phenylalanine_ammonia-lyase_OG0000380	75.867	692	166	1	34	725	24	714	0.0	1083
atha_NP_181241.1_PHE_ammonia_lyase_1_OG0000380	osaj_XP_015640196.1_phenylalanine_ammonia-lyase_OG0000380	75.857	700	166	2	28	725	18	716	0.0	1083
atha_NP_181241.1_PHE_ammonia_lyase_1_OG0000380	zmay_NP_001147922.2_phenylalanine_ammonia-lyase_OG0000380	75.216	694	172	0	32	725	23	716	0.0	1082
atha_NP_181241.1_PHE_ammonia_lyase_1_OG0000380	osaj_XP_015625126.1_phenylalanine_ammonia-lyase_OG0000380	76.445	692	161	2	34	725	24	713	0.0	1074
atha_NP_181241.1_PHE_ammonia_lyase_1_OG0000380	mnot_XP_010107519.2_phenylalanine_ammonia-lyase_OG0000380	85.395	582	85	0	144	725	10	591	0.0	1073
atha_NP_181241.1_PHE_ammonia_lyase_1_OG0000380	macu_XP_065030874.1_phenylalanine_ammonia-lyase-like_OG0000380	76.768	693	152	2	34	725	51	735	0.0	1072
atha_NP_181241.1_PHE_ammonia_lyase_1_OG0000380	gmax_XP_003518580.1_phenylalanine_ammonia-lyase_class_3_isoform_X1_OG0000380	72.896	701	184	3	29	724	4	703	0.0	1072
atha_NP_181241.1_PHE_ammonia_lyase_1_OG0000380	taes_XP_044416590.1_phenylalanine_ammonia-lyase-like_OG0000380	74.069	698	179	2	28	725	17	712	0.0	1067
atha_NP_181241.1_PHE_ammonia_lyase_1_OG0000380	stub_Soltu.DM.03G004920.2_NA_OG0000380	73.286	700	133	5	34	723	29	684	0.0	1066
atha_NP_181241.1_PHE_ammonia_lyase_1_OG0000380	taes_XP_044413260.1_phenylalanine_ammonia-lyase_OG0000380	74.785	698	174	2	28	725	17	712	0.0	1063
atha_NP_181241.1_PHE_ammonia_lyase_1_OG0000380	pvul_XP_068491697.1_phenylalanine_ammonia-lyase_2-like_OG0000380	73.517	691	175	3	34	724	18	700	0.0	1062
atha_NP_181241.1_PHE_ammonia_lyase_1_OG0000380	pvul_XP_068487376.1_phenylalanine_ammonia-lyase_class_3_OG0000380	71.676	692	194	2	34	724	20	710	0.0	1055
atha_NP_181241.1_PHE_ammonia_lyase_1_OG0000380	taes_XP_044403448.1_phenylalanine_ammonia-lyase-like_OG0000380	74.355	698	177	2	28	725	17	712	0.0	1053
atha_NP_181241.1_PHE_ammonia_lyase_1_OG0000380	osaj_XP_066165960.1_phenylalanine_ammonia-lyase-like_OG0000380	72.126	696	191	2	32	725	13	707	0.0	1052
atha_NP_181241.1_PHE_ammonia_lyase_1_OG0000380	crja_XP_057841865.2_phenylalanine_ammonia-lyase_OG0000380	72.069	691	190	3	34	724	21	708	0.0	1050
atha_NP_181241.1_PHE_ammonia_lyase_1_OG0000380	osaj_NP_001388835.1_phenylalanine_ammonia-lyase_OG0000380	71.857	700	192	3	27	724	4	700	0.0	1048
atha_NP_181241.1_PHE_ammonia_lyase_1_OG0000380	zmay_NP_001170258.2_Phenylalanine_ammonia-lyase_OG0000380	70.613	701	203	2	27	725	4	703	0.0	1045
atha_NP_181241.1_PHE_ammonia_lyase_1_OG0000380	sbic_XP_002448193.1_phenylalanine_ammonia-lyase_OG0000380	70.613	701	203	2	27	725	4	703	0.0	1043
atha_NP_181241.1_PHE_ammonia_lyase_1_OG0000380	zmay_NP_001105334.2_phenylalanine/tyrosine_ammonia-lyase_OG0000380	70.714	700	200	3	27	724	4	700	0.0	1043
atha_NP_181241.1_PHE_ammonia_lyase_1_OG0000380	taes_XP_044403450.1_phenylalanine_ammonia-lyase_OG0000380	70.571	700	203	2	27	724	4	702	0.0	1040
atha_NP_181241.1_PHE_ammonia_lyase_1_OG0000380	atha_NP_001190223.1_phenyl_alanine_ammonia-lyase_3_OG0000380	72.961	699	169	7	34	725	13	698	0.0	1038
atha_NP_181241.1_PHE_ammonia_lyase_1_OG0000380	sbic_XP_002454198.1_phenylalanine_ammonia-lyase_OG0000380	70.143	700	204	3	27	724	4	700	0.0	1038
atha_NP_181241.1_PHE_ammonia_lyase_1_OG0000380	cill_XP_042942550.1_phenylalanine_ammonia-lyase_isoform_X2_OG0000380	82.788	581	100	0	144	724	34	614	0.0	1030
atha_NP_181241.1_PHE_ammonia_lyase_1_OG0000380	ahyp_arahy.Tifrunner.gnm1.ann1.G9Z3VW.1_NA_OG0000380	69.540	696	204	3	30	724	6	694	0.0	1023
atha_NP_181241.1_PHE_ammonia_lyase_1_OG0000380	ahyp_arahy.Tifrunner.gnm1.ann1.EEZ4Y8.1_NA_OG0000380	69.397	696	205	3	30	724	39	727	0.0	1021
atha_NP_181241.1_PHE_ammonia_lyase_1_OG0000380	brap_XP_033145944.1_phenylalanine_ammonia-lyase_3_OG0000380	71.121	696	186	5	32	724	14	697	0.0	1010
atha_NP_181241.1_PHE_ammonia_lyase_1_OG0000380	zmay_XP_020402425.1_phenylalanine_ammonia-lyase_OG0000380	68.543	693	200	5	34	724	21	697	0.0	993
atha_NP_181241.1_PHE_ammonia_lyase_1_OG0000380	cann_XP_016565628.1_phenylalanine_ammonia-lyase_1_OG0000380	71.366	688	175	7	32	714	17	687	0.0	993
atha_NP_181241.1_PHE_ammonia_lyase_1_OG0000380	smoe_XP_002981929.2_phenylalanine_ammonia-lyase_OG0000380	68.345	695	214	4	31	721	34	726	0.0	976
atha_NP_181241.1_PHE_ammonia_lyase_1_OG0000380	mpol_Mapoly0014s0211.1.p_NA_OG0000380	67.338	695	221	5	32	724	32	722	0.0	965
atha_NP_181241.1_PHE_ammonia_lyase_1_OG0000380	smoe_XP_002981931.2_phenylalanine_ammonia-lyase_OG0000380	67.291	694	218	5	31	721	34	721	0.0	962
atha_NP_181241.1_PHE_ammonia_lyase_1_OG0000380	smoe_XP_002982909.2_phenylalanine_ammonia-lyase_class_1_OG0000380	67.294	691	220	4	34	721	143	830	0.0	962
atha_NP_181241.1_PHE_ammonia_lyase_1_OG0000380	osaj_XP_015620761.1_phenylalanine_ammonia-lyase_OG0000380	66.715	691	214	3	34	724	15	689	0.0	959
atha_NP_181241.1_PHE_ammonia_lyase_1_OG0000380	smoe_XP_002981930.2_phenylalanine_ammonia-lyase_OG0000380	67.149	691	221	4	34	721	37	724	0.0	957
atha_NP_181241.1_PHE_ammonia_lyase_1_OG0000380	mpol_Mapoly0070s0068.1.p_NA_OG0000380	67.236	702	221	6	25	724	31	725	0.0	957
atha_NP_181241.1_PHE_ammonia_lyase_1_OG0000380	osaj_XP_015615944.1_phenylalanine_ammonia-lyase_OG0000380	66.523	696	216	5	34	724	16	699	0.0	956
atha_NP_181241.1_PHE_ammonia_lyase_1_OG0000380	smoe_XP_002982908.2_phenylalanine_ammonia-lyase_OG0000380	66.860	691	223	4	34	721	37	724	0.0	954
atha_NP_181241.1_PHE_ammonia_lyase_1_OG0000380	crja_XP_057855427.1_phenylalanine_ammonia-lyase_OG0000380	65.143	700	236	5	27	724	23	716	0.0	947
atha_NP_181241.1_PHE_ammonia_lyase_1_OG0000380	ppat_XP_024394373.1_phenylalanine_ammonia-lyase_2_OG0000380	66.480	716	227	8	18	725	47	757	0.0	946
atha_NP_181241.1_PHE_ammonia_lyase_1_OG0000380	mpol_Mapoly0009s0173.1.p_NA_OG0000380	67.100	693	221	5	33	724	39	725	0.0	945
atha_NP_181241.1_PHE_ammonia_lyase_1_OG0000380	ppat_XP_024382201.1_phenylalanine_ammonia-lyase_OG0000380	64.295	731	240	10	4	724	19	738	0.0	944
atha_NP_181241.1_PHE_ammonia_lyase_1_OG0000380	ppat_XP_024392358.2_phenylalanine_ammonia-lyase_OG0000380	64.730	723	244	7	2	721	10	724	0.0	941
atha_NP_181241.1_PHE_ammonia_lyase_1_OG0000380	ppat_XP_024384649.1_phenylalanine_ammonia-lyase_OG0000380	66.043	695	226	7	34	724	50	738	0.0	941
atha_NP_181241.1_PHE_ammonia_lyase_1_OG0000380	mpol_Mapoly0044s0114.1.p_NA_OG0000380	65.657	693	231	5	33	724	39	725	0.0	931
atha_NP_181241.1_PHE_ammonia_lyase_1_OG0000380	crja_XP_057860523.1_phenylalanine_ammonia-lyase-like_OG0000380	64.404	722	236	8	12	724	33	742	0.0	931
atha_NP_181241.1_PHE_ammonia_lyase_1_OG0000380	mpol_Mapoly0070s0061.1.p_NA_OG0000380	65.612	695	232	5	31	724	38	726	0.0	929
atha_NP_181241.1_PHE_ammonia_lyase_1_OG0000380	sbic_XP_002466775.2_phenylalanine_ammonia-lyase_OG0000380	66.916	668	212	4	56	722	1	660	0.0	926
atha_NP_181241.1_PHE_ammonia_lyase_1_OG0000380	crja_XP_057828152.2_phenylalanine_ammonia-lyase_OG0000380	64.120	733	238	10	1	724	5	721	0.0	918
atha_NP_181241.1_PHE_ammonia_lyase_1_OG0000380	mpol_Mapoly0132s0049.1.p_NA_OG0000380	65.324	695	233	5	31	724	39	726	0.0	917
atha_NP_181241.1_PHE_ammonia_lyase_1_OG0000380	ppat_XP_073386214.1_phenylalanine_ammonia-lyase-like_OG0000380	62.571	700	253	5	27	724	40	732	0.0	914
atha_NP_181241.1_PHE_ammonia_lyase_1_OG0000380	ppat_XP_024403787.1_phenylalanine_ammonia-lyase_OG0000380	62.661	699	252	5	27	723	40	731	0.0	913
atha_NP_181241.1_PHE_ammonia_lyase_1_OG0000380	crja_XP_057852349.1_phenylalanine_ammonia-lyase_OG0000380	63.143	719	249	7	11	724	28	735	0.0	912
atha_NP_181241.1_PHE_ammonia_lyase_1_OG0000380	crja_XP_057860522.2_phenylalanine_ammonia-lyase-like_OG0000380	63.573	722	242	8	12	724	26	735	0.0	912
atha_NP_181241.1_PHE_ammonia_lyase_1_OG0000380	ppat_XP_024364530.1_phenylalanine_ammonia-lyase_OG0000380	62.429	700	254	5	27	724	41	733	0.0	910
atha_NP_181241.1_PHE_ammonia_lyase_1_OG0000380	ppat_XP_024368514.1_phenylalanine_ammonia-lyase_OG0000380	62.518	699	254	4	27	724	40	731	0.0	909
atha_NP_181241.1_PHE_ammonia_lyase_1_OG0000380	atri_XP_006853415.2_phenylalanine_ammonia-lyase_class_1_OG0000380	63.401	694	242	5	34	725	23	706	0.0	908
atha_NP_181241.1_PHE_ammonia_lyase_1_OG0000380	stub_Soltu.DM.05G017030.1_NA_OG0000380	67.525	699	171	13	34	725	18	667	0.0	905
atha_NP_181241.1_PHE_ammonia_lyase_1_OG0000380	ppat_XP_024386700.1_phenylalanine_ammonia-lyase_OG0000380	62.286	700	255	5	27	724	40	732	0.0	905
atha_NP_181241.1_PHE_ammonia_lyase_1_OG0000380	jreg_XP_018855337.2_phenylalanine_ammonia-lyase-like_OG0000380	63.611	709	242	7	25	724	24	725	0.0	902
atha_NP_181241.1_PHE_ammonia_lyase_1_OG0000380	jreg_XP_018845411.2_phenylalanine_ammonia-lyase-like_OG0000380	63.611	709	242	7	25	724	24	725	0.0	902
atha_NP_181241.1_PHE_ammonia_lyase_1_OG0000380	azfi_Azfi_s0009.g011807_NA_OG0000380	64.553	694	238	7	34	723	45	734	0.0	902
atha_NP_181241.1_PHE_ammonia_lyase_1_OG0000380	jreg_XP_018827035.2_phenylalanine_ammonia-lyase-like_OG0000380	63.470	709	243	7	25	724	24	725	0.0	901
atha_NP_181241.1_PHE_ammonia_lyase_1_OG0000380	jreg_XP_018817312.1_phenylalanine_ammonia-lyase-like_OG0000380	64.183	698	239	6	31	724	35	725	0.0	900
atha_NP_181241.1_PHE_ammonia_lyase_1_OG0000380	cill_XP_042976938.1_phenylalanine_ammonia-lyase-like_OG0000380	64.409	694	236	6	35	724	39	725	0.0	900
atha_NP_181241.1_PHE_ammonia_lyase_1_OG0000380	cill_XP_042976941.1_phenylalanine_ammonia-lyase-like_OG0000380	63.754	698	242	6	31	724	35	725	0.0	899
atha_NP_181241.1_PHE_ammonia_lyase_1_OG0000380	ppat_XP_024393386.1_phenylalanine_ammonia-lyase_OG0000380	62.464	698	251	7	30	724	43	732	0.0	898
atha_NP_181241.1_PHE_ammonia_lyase_1_OG0000380	vvin_XP_059596476.1_phenylalanine_ammonia-lyase-like_OG0000380	64.162	692	239	5	35	724	73	757	0.0	896
atha_NP_181241.1_PHE_ammonia_lyase_1_OG0000380	vvin_XP_059596779.1_phenylalanine_ammonia-lyase-like_OG0000380	64.162	692	239	5	35	724	73	757	0.0	895
atha_NP_181241.1_PHE_ammonia_lyase_1_OG0000380	crja_XP_057870568.2_phenylalanine_ammonia-lyase-like_OG0000380	62.069	725	242	10	12	724	33	736	0.0	892
atha_NP_181241.1_PHE_ammonia_lyase_1_OG0000380	crja_XP_057872603.2_phenylalanine_ammonia-lyase_2_OG0000380	63.741	695	243	6	32	724	9	696	0.0	892
atha_NP_181241.1_PHE_ammonia_lyase_1_OG0000380	azfi_Azfi_s0096.g043679_NA_OG0000380	62.079	712	251	9	20	721	57	759	0.0	891
atha_NP_181241.1_PHE_ammonia_lyase_1_OG0000380	cill_XP_042976939.1_phenylalanine_ammonia-lyase-like_OG0000380	63.977	694	239	6	35	724	39	725	0.0	890
atha_NP_181241.1_PHE_ammonia_lyase_1_OG0000380	azfi_Azfi_s0123.g048412_NA_OG0000380	59.732	745	239	8	34	725	40	776	0.0	889
atha_NP_181241.1_PHE_ammonia_lyase_1_OG0000380	azfi_Azfi_s0063.g035303_NA_OG0000380	62.232	699	252	6	35	724	56	751	0.0	889
atha_NP_181241.1_PHE_ammonia_lyase_1_OG0000380	cave_XP_059433182.1_phenylalanine_ammonia-lyase-like_OG0000380	62.958	710	246	7	25	724	26	728	0.0	885
atha_NP_181241.1_PHE_ammonia_lyase_1_OG0000380	crja_XP_057869469.2_phenylalanine_ammonia-lyase-like_OG0000380	61.944	720	250	9	12	724	33	735	0.0	885
atha_NP_181241.1_PHE_ammonia_lyase_1_OG0000380	azfi_Azfi_s0163.g054246_NA_OG0000380	61.571	713	255	8	12	717	27	727	0.0	885
atha_NP_181241.1_PHE_ammonia_lyase_1_OG0000380	cave_XP_059433215.1_phenylalanine_ammonia-lyase-like_OG0000380	62.676	710	248	7	25	724	54	756	0.0	881
atha_NP_181241.1_PHE_ammonia_lyase_1_OG0000380	mpol_Mapoly0005s0086.1.p_NA_OG0000380	63.728	692	233	7	34	724	20	694	0.0	877
atha_NP_181241.1_PHE_ammonia_lyase_1_OG0000380	atri_XP_006849601.1_phenylalanine_ammonia-lyase_OG0000380	62.553	705	252	8	23	724	27	722	0.0	875
atha_NP_181241.1_PHE_ammonia_lyase_1_OG0000380	macu_XP_064939114.1_phenylalanine_ammonia-lyase-like_OG0000380	61.850	692	253	5	34	724	39	720	0.0	869
atha_NP_181241.1_PHE_ammonia_lyase_1_OG0000380	azfi_Azfi_s0063.g035292_NA_OG0000380	61.383	694	261	6	35	724	57	747	0.0	868
atha_NP_181241.1_PHE_ammonia_lyase_1_OG0000380	atri_XP_011625289.2_LOW_QUALITY_PROTEIN:_phenylalanine_ammonia-lyase-like_OG0000380	62.824	694	244	8	35	724	39	722	0.0	867
atha_NP_181241.1_PHE_ammonia_lyase_1_OG0000380	atri_XP_006849598.3_phenylalanine_ammonia-lyase_OG0000380	61.980	697	253	8	31	724	31	718	0.0	855
atha_NP_181241.1_PHE_ammonia_lyase_1_OG0000380	csat_XP_004144018.1_phenylalanine_ammonia-lyase_OG0000380	62.482	685	243	7	37	714	32	709	0.0	852
atha_NP_181241.1_PHE_ammonia_lyase_1_OG0000380	mnot_XP_010090109.1_phenylalanine_ammonia-lyase_OG0000380	61.583	695	252	7	35	718	15	705	0.0	850
atha_NP_181241.1_PHE_ammonia_lyase_1_OG0000380	ppat_XP_024365948.1_phenylalanine_ammonia-lyase_OG0000380	60.377	689	264	4	34	721	18	698	0.0	836
atha_NP_181241.1_PHE_ammonia_lyase_1_OG0000380	slyc_XP_025885606.2_phenylalanine_ammonia-lyase-like_OG0000380	84.096	459	70	1	34	489	26	484	0.0	815
atha_NP_181241.1_PHE_ammonia_lyase_1_OG0000380	slyc_XP_069152394.1_phenylalanine_ammonia-lyase-like_OG0000380	83.887	391	60	1	34	421	26	416	0.0	690
atha_NP_181241.1_PHE_ammonia_lyase_1_OG0000380	slyc_XP_069152397.1_phenylalanine_ammonia-lyase-like_OG0000380	81.548	336	59	1	34	366	26	361	0.0	576
atha_NP_181241.1_PHE_ammonia_lyase_1_OG0000380	zmay_XP_008680868.1_phenylalanine_ammonia-lyase_OG0000380	58.986	434	155	7	56	489	1	411	3.57e-164	474
atha_NP_181241.1_PHE_ammonia_lyase_1_OG0000380	stub_Soltu.DM.03G011460.1_NA_OG0000380	74.497	298	64	2	12	306	13	301	8.12e-158	454
atha_NP_181241.1_PHE_ammonia_lyase_1_OG0000380	csie_XP_028104988.1_phenylalanine_ammonia-lyase-like,_partial_OG0000380	79.079	239	49	1	32	269	15	253	1.20e-132	387
atha_NP_181241.1_PHE_ammonia_lyase_1_OG0000380	ppat_XP_073388257.1_phenylalanine_ammonia-lyase-like,_partial_OG0000380	58.599	314	124	3	27	339	40	348	9.18e-123	366
atha_NP_181241.1_PHE_ammonia_lyase_1_OG0000380	osaj_XP_066162787.1_phenylalanine_ammonia-lyase_OG0000380	59.375	128	51	1	599	725	1	128	1.48e-49	164
atha_NP_181241.1_PHE_ammonia_lyase_1_OG0000380	crja_XP_059070736.1_phenylalanine_ammonia-lyase-like_OG0000380	43.750	128	67	2	601	723	3	130	8.69e-32	116
