atha_NP_196897.1_Chalcone_and_stilbene_synthase_family_protein_OG0000281	atha_NP_196897.1_Chalcone_and_stilbene_synthase_family_protein_OG0000281	100.000	395	0	0	1	395	1	395	0.0	816
atha_NP_196897.1_Chalcone_and_stilbene_synthase_family_protein_OG0000281	brap_XP_009121714.2_chalcone_synthase_1_OG0000281	95.696	395	17	0	1	395	1	395	0.0	783
atha_NP_196897.1_Chalcone_and_stilbene_synthase_family_protein_OG0000281	brap_XP_009131369.2_chalcone_synthase_3_OG0000281	95.202	396	18	1	1	395	1	396	0.0	778
atha_NP_196897.1_Chalcone_and_stilbene_synthase_family_protein_OG0000281	brap_XP_009125955.2_chalcone_synthase_3_OG0000281	95.443	395	17	1	1	395	1	394	0.0	778
atha_NP_196897.1_Chalcone_and_stilbene_synthase_family_protein_OG0000281	brap_XP_033135300.1_chalcone_synthase_3_OG0000281	89.567	393	41	0	3	395	1	393	0.0	731
atha_NP_196897.1_Chalcone_and_stilbene_synthase_family_protein_OG0000281	brap_XP_009129739.1_chalcone_synthase_OG0000281	88.101	395	46	1	1	395	1	394	0.0	728
atha_NP_196897.1_Chalcone_and_stilbene_synthase_family_protein_OG0000281	jreg_XP_018822043.1_chalcone_synthase_2_OG0000281	88.372	387	44	1	7	393	2	387	0.0	717
atha_NP_196897.1_Chalcone_and_stilbene_synthase_family_protein_OG0000281	cave_XP_059449108.1_chalcone_synthase_OG0000281	87.147	389	49	1	7	395	2	389	0.0	713
atha_NP_196897.1_Chalcone_and_stilbene_synthase_family_protein_OG0000281	cill_XP_042986534.1_chalcone_synthase_2_OG0000281	87.339	387	48	1	7	393	2	387	0.0	712
atha_NP_196897.1_Chalcone_and_stilbene_synthase_family_protein_OG0000281	vvin_NP_001267879.1_chalcone_synthase_OG0000281	86.788	386	50	1	8	393	3	387	0.0	707
atha_NP_196897.1_Chalcone_and_stilbene_synthase_family_protein_OG0000281	gmax_NP_001358312.1_chalcone_synthase_13_OG0000281	86.598	388	51	1	8	395	3	389	0.0	707
atha_NP_196897.1_Chalcone_and_stilbene_synthase_family_protein_OG0000281	mnot_XP_024017826.1_chalcone_synthase_OG0000281	85.714	392	55	1	3	394	1	391	0.0	706
atha_NP_196897.1_Chalcone_and_stilbene_synthase_family_protein_OG0000281	tcac_Thecc.04G049300.1.p_NA_OG0000281	85.825	388	54	1	7	394	4	390	0.0	706
atha_NP_196897.1_Chalcone_and_stilbene_synthase_family_protein_OG0000281	zmay_NP_001142246.1_chalcone_synthase_C2_OG0000281	84.264	394	60	2	3	395	1	393	0.0	706
atha_NP_196897.1_Chalcone_and_stilbene_synthase_family_protein_OG0000281	sbic_XP_002450876.1_chalcone_synthase_7_OG0000281	84.264	394	60	2	3	395	1	393	0.0	704
atha_NP_196897.1_Chalcone_and_stilbene_synthase_family_protein_OG0000281	csie_XP_028067484.1_chalcone_synthase_1_OG0000281	87.047	386	49	1	8	393	3	387	0.0	704
atha_NP_196897.1_Chalcone_and_stilbene_synthase_family_protein_OG0000281	sbic_XP_002449616.1_chalcone_synthase_5_OG0000281	83.756	394	62	2	3	395	1	393	0.0	704
atha_NP_196897.1_Chalcone_and_stilbene_synthase_family_protein_OG0000281	vvin_NP_001268064.1_chalcone_synthase_OG0000281	86.945	383	49	1	8	390	3	384	0.0	703
atha_NP_196897.1_Chalcone_and_stilbene_synthase_family_protein_OG0000281	ptrh_XP_002321081.1_chalcone_synthase_OG0000281	85.641	390	55	1	6	395	2	390	0.0	702
atha_NP_196897.1_Chalcone_and_stilbene_synthase_family_protein_OG0000281	pvul_XP_068472036.1_chalcone_synthase_OG0000281	85.825	388	54	1	8	395	3	389	0.0	700
atha_NP_196897.1_Chalcone_and_stilbene_synthase_family_protein_OG0000281	taes_XP_044326656.1_chalcone_synthase_2-like_OG0000281	82.952	393	66	1	3	395	1	392	0.0	699
atha_NP_196897.1_Chalcone_and_stilbene_synthase_family_protein_OG0000281	osaj_NP_001410339.1_chalcone_synthase_1_OG0000281	82.697	393	67	1	3	395	1	392	0.0	699
atha_NP_196897.1_Chalcone_and_stilbene_synthase_family_protein_OG0000281	zmay_NP_001149022.1_chalcone_synthase_WHP1_OG0000281	82.995	394	65	2	3	395	1	393	0.0	698
atha_NP_196897.1_Chalcone_and_stilbene_synthase_family_protein_OG0000281	cave_XP_059459487.1_chalcone_synthase-like_OG0000281	84.319	389	61	0	7	395	2	390	0.0	698
atha_NP_196897.1_Chalcone_and_stilbene_synthase_family_protein_OG0000281	macu_XP_064968333.1_chalcone_synthase_2-like_OG0000281	84.062	389	61	1	7	395	2	389	0.0	697
atha_NP_196897.1_Chalcone_and_stilbene_synthase_family_protein_OG0000281	cave_XP_059445756.1_chalcone_synthase_OG0000281	85.751	386	54	1	8	393	3	387	0.0	697
atha_NP_196897.1_Chalcone_and_stilbene_synthase_family_protein_OG0000281	cill_XP_042988852.1_chalcone_synthase_2_OG0000281	85.751	386	54	1	8	393	3	387	0.0	697
atha_NP_196897.1_Chalcone_and_stilbene_synthase_family_protein_OG0000281	csie_XP_028080516.1_chalcone_synthase_2_OG0000281	85.751	386	54	1	8	393	3	387	0.0	696
atha_NP_196897.1_Chalcone_and_stilbene_synthase_family_protein_OG0000281	vvin_XP_002264019.1_chalcone_synthase_2_OG0000281	86.010	386	53	1	8	393	3	387	0.0	696
atha_NP_196897.1_Chalcone_and_stilbene_synthase_family_protein_OG0000281	macu_XP_009421018.2_chalcone_synthase_2_OG0000281	84.576	389	59	1	7	395	2	389	0.0	696
atha_NP_196897.1_Chalcone_and_stilbene_synthase_family_protein_OG0000281	mnot_XP_010099135.1_chalcone_synthase_OG0000281	85.309	388	56	1	8	395	3	389	0.0	696
atha_NP_196897.1_Chalcone_and_stilbene_synthase_family_protein_OG0000281	ahyp_arahy.Tifrunner.gnm1.ann1.ALW2B1.1_NA_OG0000281	85.052	388	57	1	8	395	3	389	0.0	696
atha_NP_196897.1_Chalcone_and_stilbene_synthase_family_protein_OG0000281	slyc_NP_001234036.2_chalcone_synthase_2_OG0000281	85.233	386	56	1	8	393	3	387	0.0	696
atha_NP_196897.1_Chalcone_and_stilbene_synthase_family_protein_OG0000281	macu_XP_009404732.2_chalcone_synthase_2_OG0000281	84.319	389	60	1	7	395	2	389	0.0	695
atha_NP_196897.1_Chalcone_and_stilbene_synthase_family_protein_OG0000281	jreg_XP_018817256.1_chalcone_synthase_1_OG0000281	85.492	386	55	1	8	393	3	387	0.0	695
atha_NP_196897.1_Chalcone_and_stilbene_synthase_family_protein_OG0000281	ccaj_XP_020204229.1_chalcone_synthase_OG0000281	85.052	388	57	1	8	395	3	389	0.0	695
atha_NP_196897.1_Chalcone_and_stilbene_synthase_family_protein_OG0000281	macu_XP_065013443.1_chalcone_synthase_2-like_OG0000281	84.062	389	61	1	7	395	2	389	0.0	694
atha_NP_196897.1_Chalcone_and_stilbene_synthase_family_protein_OG0000281	macu_XP_009404102.2_chalcone_synthase_1_OG0000281	83.548	389	63	1	7	395	2	389	0.0	694
atha_NP_196897.1_Chalcone_and_stilbene_synthase_family_protein_OG0000281	jreg_XP_018827093.1_chalcone_synthase_1-like_OG0000281	86.269	386	52	1	8	393	3	387	0.0	694
atha_NP_196897.1_Chalcone_and_stilbene_synthase_family_protein_OG0000281	taes_XP_044454746.1_chalcone_synthase_2-like_OG0000281	82.188	393	69	1	3	395	1	392	0.0	694
atha_NP_196897.1_Chalcone_and_stilbene_synthase_family_protein_OG0000281	tcac_Thecc.04G210200.1.p_NA_OG0000281	84.974	386	57	1	8	393	3	387	0.0	694
atha_NP_196897.1_Chalcone_and_stilbene_synthase_family_protein_OG0000281	ptrh_XP_052307643.1_chalcone_synthase_1_isoform_X2_OG0000281	85.492	386	55	1	8	393	3	387	0.0	694
atha_NP_196897.1_Chalcone_and_stilbene_synthase_family_protein_OG0000281	ptrh_XP_002303821.2_chalcone_synthase_1_isoform_X1_OG0000281	85.492	386	55	1	8	393	3	387	0.0	694
atha_NP_196897.1_Chalcone_and_stilbene_synthase_family_protein_OG0000281	ptrh_XP_002299281.3_chalcone_synthase_1_OG0000281	85.271	387	56	1	8	394	3	388	0.0	694
atha_NP_196897.1_Chalcone_and_stilbene_synthase_family_protein_OG0000281	ptrh_XP_002299282.1_chalcone_synthase_1_OG0000281	86.010	386	53	1	8	393	3	387	0.0	693
atha_NP_196897.1_Chalcone_and_stilbene_synthase_family_protein_OG0000281	mdom_MD04G1003400_NA_OG0000281	85.492	386	55	1	8	393	3	387	0.0	693
atha_NP_196897.1_Chalcone_and_stilbene_synthase_family_protein_OG0000281	taes_XP_044321480.1_chalcone_synthase_2_OG0000281	81.679	393	71	1	3	395	1	392	0.0	692
atha_NP_196897.1_Chalcone_and_stilbene_synthase_family_protein_OG0000281	taes_XP_044329758.1_chalcone_synthase_2-like_OG0000281	82.188	393	69	1	3	395	1	392	0.0	692
atha_NP_196897.1_Chalcone_and_stilbene_synthase_family_protein_OG0000281	fves_FvH4_7g01160.t5_NA_OG0000281	85.233	386	56	1	8	393	3	387	0.0	692
atha_NP_196897.1_Chalcone_and_stilbene_synthase_family_protein_OG0000281	slyc_NP_001234033.2_chalcone_synthase_1_OG0000281	85.233	386	56	1	8	393	3	387	0.0	691
atha_NP_196897.1_Chalcone_and_stilbene_synthase_family_protein_OG0000281	mdom_MD04G1003300_NA_OG0000281	84.794	388	58	1	8	395	3	389	0.0	691
atha_NP_196897.1_Chalcone_and_stilbene_synthase_family_protein_OG0000281	pvul_XP_068467606.1_chalcone_synthase_17-like_OG0000281	85.309	388	56	1	8	395	3	389	0.0	691
atha_NP_196897.1_Chalcone_and_stilbene_synthase_family_protein_OG0000281	cill_XP_042966757.1_chalcone_synthase_2-like_OG0000281	86.010	386	53	1	8	393	3	387	0.0	691
atha_NP_196897.1_Chalcone_and_stilbene_synthase_family_protein_OG0000281	taes_XP_044329762.1_chalcone_synthase_2-like_OG0000281	81.934	393	70	1	3	395	1	392	0.0	691
atha_NP_196897.1_Chalcone_and_stilbene_synthase_family_protein_OG0000281	taes_XP_044454672.1_chalcone_synthase_2-like_OG0000281	81.934	393	70	1	3	395	1	392	0.0	690
atha_NP_196897.1_Chalcone_and_stilbene_synthase_family_protein_OG0000281	mnot_XP_010099134.1_chalcone_synthase_OG0000281	85.052	388	57	1	8	395	3	389	0.0	689
atha_NP_196897.1_Chalcone_and_stilbene_synthase_family_protein_OG0000281	taes_XP_044452363.1_chalcone_synthase_2-like_OG0000281	81.934	393	70	1	3	395	1	392	0.0	689
atha_NP_196897.1_Chalcone_and_stilbene_synthase_family_protein_OG0000281	csat_XP_004145707.1_chalcone_synthase_2_OG0000281	84.021	388	61	1	6	393	2	388	0.0	689
atha_NP_196897.1_Chalcone_and_stilbene_synthase_family_protein_OG0000281	pvul_XP_068467608.1_chalcone_synthase_17-like_OG0000281	85.052	388	57	1	8	395	3	389	0.0	689
atha_NP_196897.1_Chalcone_and_stilbene_synthase_family_protein_OG0000281	pvul_XP_068467604.1_chalcone_synthase_17-like_OG0000281	85.492	386	55	1	8	393	3	387	0.0	688
atha_NP_196897.1_Chalcone_and_stilbene_synthase_family_protein_OG0000281	mdom_MD04G1003000_NA_OG0000281	85.455	385	55	1	8	392	3	386	0.0	688
atha_NP_196897.1_Chalcone_and_stilbene_synthase_family_protein_OG0000281	mnot_XP_024023990.1_chalcone_synthase_2_OG0000281	82.051	390	69	1	6	395	2	390	0.0	687
atha_NP_196897.1_Chalcone_and_stilbene_synthase_family_protein_OG0000281	taes_XP_044327344.1_chalcone_synthase_2-like_OG0000281	81.472	394	71	2	3	395	1	393	0.0	687
atha_NP_196897.1_Chalcone_and_stilbene_synthase_family_protein_OG0000281	mdom_MD13G1285100_NA_OG0000281	84.715	386	58	1	8	393	3	387	0.0	686
atha_NP_196897.1_Chalcone_and_stilbene_synthase_family_protein_OG0000281	csie_XP_028067485.1_chalcone_synthase_3_OG0000281	84.974	386	57	1	8	393	3	387	0.0	686
atha_NP_196897.1_Chalcone_and_stilbene_synthase_family_protein_OG0000281	ccaj_XP_020230031.1_chalcone_synthase_OG0000281	84.062	389	61	1	7	395	2	389	0.0	686
atha_NP_196897.1_Chalcone_and_stilbene_synthase_family_protein_OG0000281	ptrh_XP_002303819.2_chalcone_synthase_1_OG0000281	83.938	386	61	1	8	393	3	387	0.0	685
atha_NP_196897.1_Chalcone_and_stilbene_synthase_family_protein_OG0000281	cann_XP_016566084.1_chalcone_synthase_1B_OG0000281	83.505	388	63	1	8	395	3	389	0.0	684
atha_NP_196897.1_Chalcone_and_stilbene_synthase_family_protein_OG0000281	cave_XP_059459528.1_chalcone_synthase-like_OG0000281	83.033	389	66	0	7	395	2	390	0.0	682
atha_NP_196897.1_Chalcone_and_stilbene_synthase_family_protein_OG0000281	ccaj_XP_020226118.1_chalcone_synthase_1_OG0000281	84.715	386	57	1	8	393	3	386	0.0	681
atha_NP_196897.1_Chalcone_and_stilbene_synthase_family_protein_OG0000281	gmax_NP_001304585.2_chalcone_synthase_OG0000281	84.021	388	61	1	8	395	3	389	0.0	681
atha_NP_196897.1_Chalcone_and_stilbene_synthase_family_protein_OG0000281	csie_XP_028125215.1_chalcone_synthase_3-like_OG0000281	83.938	386	61	1	8	393	3	387	0.0	681
atha_NP_196897.1_Chalcone_and_stilbene_synthase_family_protein_OG0000281	gmax_NP_001340309.1_chalcone_synthase_7_OG0000281	84.021	388	61	1	8	395	3	389	0.0	681
atha_NP_196897.1_Chalcone_and_stilbene_synthase_family_protein_OG0000281	gmax_NP_001276296.1_chalcone_synthase_3_OG0000281	83.938	386	60	1	8	393	3	386	0.0	679
atha_NP_196897.1_Chalcone_and_stilbene_synthase_family_protein_OG0000281	gmax_NP_001358311.1_chalcone_synthase_11_OG0000281	83.938	386	60	1	8	393	3	386	0.0	679
atha_NP_196897.1_Chalcone_and_stilbene_synthase_family_protein_OG0000281	ahyp_arahy.Tifrunner.gnm1.ann1.UDJX6I.1_NA_OG0000281	82.990	388	65	1	8	395	3	389	0.0	679
atha_NP_196897.1_Chalcone_and_stilbene_synthase_family_protein_OG0000281	mnot_XP_024017825.1_chalcone_synthase_2_OG0000281	80.153	393	77	1	3	395	1	392	0.0	677
atha_NP_196897.1_Chalcone_and_stilbene_synthase_family_protein_OG0000281	taes_XP_044327062.1_chalcone_synthase_2-like_OG0000281	79.442	394	80	1	2	395	1	393	0.0	676
atha_NP_196897.1_Chalcone_and_stilbene_synthase_family_protein_OG0000281	ccaj_XP_020215564.1_chalcone_synthase_1_OG0000281	83.938	386	60	1	8	393	3	386	0.0	676
atha_NP_196897.1_Chalcone_and_stilbene_synthase_family_protein_OG0000281	cann_NP_001311934.1_chalcone_synthase_2_OG0000281	85.492	386	55	1	8	393	3	387	0.0	675
atha_NP_196897.1_Chalcone_and_stilbene_synthase_family_protein_OG0000281	gmax_NP_001358306.1_chalcone_synthase_9_OG0000281	83.161	386	63	1	8	393	3	386	0.0	674
atha_NP_196897.1_Chalcone_and_stilbene_synthase_family_protein_OG0000281	gmax_NP_001358310.1_chalcone_synthase_10_OG0000281	83.420	386	62	1	8	393	3	386	0.0	671
atha_NP_196897.1_Chalcone_and_stilbene_synthase_family_protein_OG0000281	ahyp_arahy.Tifrunner.gnm1.ann1.GSLK7G.1_NA_OG0000281	82.124	386	68	1	8	393	3	387	0.0	670
atha_NP_196897.1_Chalcone_and_stilbene_synthase_family_protein_OG0000281	atri_XP_011627026.1_chalcone_synthase_1_isoform_X2_OG0000281	82.642	386	65	1	8	393	3	386	0.0	670
atha_NP_196897.1_Chalcone_and_stilbene_synthase_family_protein_OG0000281	ahyp_arahy.Tifrunner.gnm1.ann1.K0UY8K.1_NA_OG0000281	81.701	388	70	1	8	395	3	389	0.0	669
atha_NP_196897.1_Chalcone_and_stilbene_synthase_family_protein_OG0000281	mnot_XP_024032426.1_chalcone_synthase_2-like_OG0000281	79.744	390	78	1	6	395	2	390	0.0	669
atha_NP_196897.1_Chalcone_and_stilbene_synthase_family_protein_OG0000281	macu_XP_009421181.2_chalcone_synthase_2-like_OG0000281	80.720	389	74	1	7	395	2	389	0.0	668
atha_NP_196897.1_Chalcone_and_stilbene_synthase_family_protein_OG0000281	ahyp_arahy.Tifrunner.gnm1.ann1.6J3HHE.1_NA_OG0000281	81.443	388	71	1	8	395	3	389	0.0	666
atha_NP_196897.1_Chalcone_and_stilbene_synthase_family_protein_OG0000281	crja_XP_057838886.1_chalcone_synthase_OG0000281	82.429	387	67	1	9	395	9	394	0.0	665
atha_NP_196897.1_Chalcone_and_stilbene_synthase_family_protein_OG0000281	macu_XP_064942697.1_chalcone_synthase_2-like_OG0000281	80.463	389	75	1	7	395	2	389	0.0	665
atha_NP_196897.1_Chalcone_and_stilbene_synthase_family_protein_OG0000281	crja_XP_057812903.1_chalcone_synthase_OG0000281	81.266	395	70	2	4	395	3	396	0.0	665
atha_NP_196897.1_Chalcone_and_stilbene_synthase_family_protein_OG0000281	crja_XP_057819553.1_chalcone_synthase_7_OG0000281	80.759	395	72	2	4	395	71	464	0.0	664
atha_NP_196897.1_Chalcone_and_stilbene_synthase_family_protein_OG0000281	crja_XP_057838902.1_chalcone_synthase_OG0000281	81.912	387	69	1	9	395	4	389	0.0	663
atha_NP_196897.1_Chalcone_and_stilbene_synthase_family_protein_OG0000281	crja_XP_057838885.1_chalcone_synthase_7_OG0000281	81.912	387	69	1	9	395	4	389	0.0	663
atha_NP_196897.1_Chalcone_and_stilbene_synthase_family_protein_OG0000281	crja_XP_057838884.1_chalcone_synthase_7_OG0000281	81.395	387	71	1	9	395	4	389	0.0	662
atha_NP_196897.1_Chalcone_and_stilbene_synthase_family_protein_OG0000281	crja_XP_057819556.2_chalcone_synthase_7_OG0000281	80.506	395	73	2	4	395	3	396	0.0	661
atha_NP_196897.1_Chalcone_and_stilbene_synthase_family_protein_OG0000281	crja_XP_057827815.2_chalcone_synthase_7_OG0000281	80.506	395	73	2	4	395	3	396	0.0	659
atha_NP_196897.1_Chalcone_and_stilbene_synthase_family_protein_OG0000281	crja_XP_057838887.2_chalcone_synthase_OG0000281	81.654	387	70	1	9	395	9	394	0.0	658
atha_NP_196897.1_Chalcone_and_stilbene_synthase_family_protein_OG0000281	ahyp_arahy.Tifrunner.gnm1.ann1.0FI6RG.1_NA_OG0000281	80.670	388	65	2	8	395	3	380	0.0	655
atha_NP_196897.1_Chalcone_and_stilbene_synthase_family_protein_OG0000281	taes_XP_044399920.1_chalcone_synthase_2-like_OG0000281	78.261	391	84	1	3	393	1	390	0.0	654
atha_NP_196897.1_Chalcone_and_stilbene_synthase_family_protein_OG0000281	jreg_XP_018834036.1_chalcone_synthase-like_OG0000281	75.385	390	94	2	7	395	2	390	0.0	639
atha_NP_196897.1_Chalcone_and_stilbene_synthase_family_protein_OG0000281	taes_XP_044454640.1_chalcone_synthase_2_OG0000281	76.726	391	90	1	5	395	2	391	0.0	638
atha_NP_196897.1_Chalcone_and_stilbene_synthase_family_protein_OG0000281	cill_XP_042969286.1_chalcone_synthase-like_OG0000281	75.128	390	95	2	7	395	2	390	0.0	637
atha_NP_196897.1_Chalcone_and_stilbene_synthase_family_protein_OG0000281	ahyp_arahy.Tifrunner.gnm1.ann1.JH8TMD.1_NA_OG0000281	78.974	390	71	3	8	395	3	383	0.0	635
atha_NP_196897.1_Chalcone_and_stilbene_synthase_family_protein_OG0000281	sbic_XP_002445139.1_chalcone_synthase_1_OG0000281	74.936	391	97	1	5	395	4	393	0.0	630
atha_NP_196897.1_Chalcone_and_stilbene_synthase_family_protein_OG0000281	cave_XP_059452175.1_chalcone_synthase_2-like_OG0000281	74.615	390	97	2	7	395	2	390	0.0	627
atha_NP_196897.1_Chalcone_and_stilbene_synthase_family_protein_OG0000281	taes_XP_044382247.1_chalcone_synthase_2-like_OG0000281	78.005	391	85	1	5	395	2	391	0.0	626
atha_NP_196897.1_Chalcone_and_stilbene_synthase_family_protein_OG0000281	stub_Soltu.DM.09G028570.1_NA_OG0000281	76.984	378	86	1	8	385	3	379	0.0	625
atha_NP_196897.1_Chalcone_and_stilbene_synthase_family_protein_OG0000281	crja_XP_057838891.1_chalcone_synthase_OG0000281	77.519	387	86	1	9	395	9	394	0.0	625
atha_NP_196897.1_Chalcone_and_stilbene_synthase_family_protein_OG0000281	taes_XP_044382306.1_chalcone_synthase_2-like_OG0000281	77.749	391	86	1	5	395	2	391	0.0	625
atha_NP_196897.1_Chalcone_and_stilbene_synthase_family_protein_OG0000281	mnot_XP_024026973.1_chalcone_synthase_2_OG0000281	75.897	390	85	3	6	395	2	382	0.0	624
atha_NP_196897.1_Chalcone_and_stilbene_synthase_family_protein_OG0000281	taes_XP_044382260.1_chalcone_synthase_2-like_OG0000281	76.709	395	91	1	1	395	2	395	0.0	624
atha_NP_196897.1_Chalcone_and_stilbene_synthase_family_protein_OG0000281	vvin_XP_002271371.1_stilbene_synthase_2_OG0000281	74.935	387	96	1	7	393	2	387	0.0	623
atha_NP_196897.1_Chalcone_and_stilbene_synthase_family_protein_OG0000281	taes_XP_044447846.1_chalcone_synthase_2-like_isoform_X1_OG0000281	76.709	395	91	1	1	395	1	394	0.0	622
atha_NP_196897.1_Chalcone_and_stilbene_synthase_family_protein_OG0000281	taes_XP_044382211.1_chalcone_synthase_2-like_OG0000281	77.494	391	87	1	5	395	2	391	0.0	621
atha_NP_196897.1_Chalcone_and_stilbene_synthase_family_protein_OG0000281	vvin_XP_003634070.1_stilbene_synthase_4-like_OG0000281	73.779	389	101	1	7	395	2	389	0.0	620
atha_NP_196897.1_Chalcone_and_stilbene_synthase_family_protein_OG0000281	taes_XP_044382236.1_chalcone_synthase_2-like_OG0000281	77.238	391	88	1	5	395	2	391	0.0	620
atha_NP_196897.1_Chalcone_and_stilbene_synthase_family_protein_OG0000281	vvin_XP_059599453.1_stilbene_synthase_4-like_OG0000281	73.902	387	100	1	7	393	2	387	0.0	618
atha_NP_196897.1_Chalcone_and_stilbene_synthase_family_protein_OG0000281	vvin_XP_002278483.1_stilbene_synthase_2_OG0000281	74.807	389	97	1	7	395	2	389	0.0	618
atha_NP_196897.1_Chalcone_and_stilbene_synthase_family_protein_OG0000281	vvin_XP_002268842.3_stilbene_synthase_2_OG0000281	74.807	389	97	1	7	395	2	389	0.0	618
atha_NP_196897.1_Chalcone_and_stilbene_synthase_family_protein_OG0000281	vvin_XP_059599450.1_stilbene_synthase_4-like_OG0000281	73.265	389	103	1	7	395	2	389	0.0	617
atha_NP_196897.1_Chalcone_and_stilbene_synthase_family_protein_OG0000281	vvin_XP_010662500.1_stilbene_synthase_5-like_OG0000281	74.550	389	98	1	7	395	2	389	0.0	617
atha_NP_196897.1_Chalcone_and_stilbene_synthase_family_protein_OG0000281	vvin_XP_002268756.2_stilbene_synthase_5-like_OG0000281	74.550	389	98	1	7	395	2	389	0.0	617
atha_NP_196897.1_Chalcone_and_stilbene_synthase_family_protein_OG0000281	crja_XP_057836885.1_chalcone_synthase-like_isoform_X1_OG0000281	77.632	380	84	1	9	388	10	388	0.0	617
atha_NP_196897.1_Chalcone_and_stilbene_synthase_family_protein_OG0000281	vvin_XP_002263807.1_stilbene_synthase_6-like_OG0000281	74.742	388	97	1	7	394	2	388	0.0	617
atha_NP_196897.1_Chalcone_and_stilbene_synthase_family_protein_OG0000281	taes_XP_044447845.1_chalcone_synthase_2-like_OG0000281	76.982	391	89	1	5	395	2	391	0.0	617
atha_NP_196897.1_Chalcone_and_stilbene_synthase_family_protein_OG0000281	taes_XP_044382224.1_chalcone_synthase_2-like_OG0000281	76.982	391	89	1	5	395	2	391	0.0	617
atha_NP_196897.1_Chalcone_and_stilbene_synthase_family_protein_OG0000281	vvin_NP_001384798.1_stilbene_synthase_5_OG0000281	74.550	389	98	1	7	395	2	389	0.0	617
atha_NP_196897.1_Chalcone_and_stilbene_synthase_family_protein_OG0000281	vvin_XP_002264989.1_stilbene_synthase_4_OG0000281	73.643	387	101	1	7	393	2	387	0.0	616
atha_NP_196897.1_Chalcone_and_stilbene_synthase_family_protein_OG0000281	vvin_XP_003634067.1_stilbene_synthase_4-like_OG0000281	73.643	387	101	1	7	393	2	387	0.0	616
atha_NP_196897.1_Chalcone_and_stilbene_synthase_family_protein_OG0000281	vvin_XP_059599449.1_stilbene_synthase_4-like_OG0000281	73.008	389	104	1	7	395	2	389	0.0	615
atha_NP_196897.1_Chalcone_and_stilbene_synthase_family_protein_OG0000281	vvin_XP_003634073.2_stilbene_synthase_4-like_OG0000281	73.385	387	102	1	7	393	2	387	0.0	615
atha_NP_196897.1_Chalcone_and_stilbene_synthase_family_protein_OG0000281	vvin_XP_002263722.1_stilbene_synthase_3_OG0000281	74.485	388	98	1	7	394	2	388	0.0	615
atha_NP_196897.1_Chalcone_and_stilbene_synthase_family_protein_OG0000281	vvin_XP_059599447.1_stilbene_synthase_5_OG0000281	74.036	389	100	1	7	395	2	389	0.0	614
atha_NP_196897.1_Chalcone_and_stilbene_synthase_family_protein_OG0000281	vvin_NP_001268046.1_stilbene_synthase_3_OG0000281	74.036	389	100	1	7	395	2	389	0.0	614
atha_NP_196897.1_Chalcone_and_stilbene_synthase_family_protein_OG0000281	taes_XP_044363199.1_chalcone_synthase_2-like_OG0000281	72.564	390	106	1	6	395	8	396	0.0	613
atha_NP_196897.1_Chalcone_and_stilbene_synthase_family_protein_OG0000281	vvin_XP_003634071.1_stilbene_synthase_4-like_OG0000281	73.522	389	102	1	7	395	2	389	0.0	613
atha_NP_196897.1_Chalcone_and_stilbene_synthase_family_protein_OG0000281	osaj_NP_001408991.1_chalcone_synthase_2_OG0000281	72.868	387	105	0	9	395	8	394	0.0	613
atha_NP_196897.1_Chalcone_and_stilbene_synthase_family_protein_OG0000281	vvin_XP_003634072.1_stilbene_synthase_4-like_OG0000281	72.938	388	104	1	7	394	2	388	0.0	612
atha_NP_196897.1_Chalcone_and_stilbene_synthase_family_protein_OG0000281	vvin_NP_001392029.1_stilbene_synthase_4_OG0000281	72.680	388	105	1	7	394	2	388	0.0	612
atha_NP_196897.1_Chalcone_and_stilbene_synthase_family_protein_OG0000281	taes_XP_044436937.1_chalcone_synthase_2-like_OG0000281	73.822	382	99	1	14	395	2	382	0.0	612
atha_NP_196897.1_Chalcone_and_stilbene_synthase_family_protein_OG0000281	vvin_XP_003634074.1_stilbene_synthase_4-like_OG0000281	73.127	387	103	1	7	393	2	387	0.0	612
atha_NP_196897.1_Chalcone_and_stilbene_synthase_family_protein_OG0000281	vvin_XP_059599448.1_stilbene_synthase_4-like_OG0000281	72.938	388	104	1	7	394	2	388	0.0	610
atha_NP_196897.1_Chalcone_and_stilbene_synthase_family_protein_OG0000281	vvin_NP_001267939.1_stilbene_synthase_1_OG0000281	73.711	388	101	1	7	394	2	388	0.0	610
atha_NP_196897.1_Chalcone_and_stilbene_synthase_family_protein_OG0000281	vvin_XP_003634065.1_stilbene_synthase_1_OG0000281	73.711	388	101	1	7	394	2	388	0.0	608
atha_NP_196897.1_Chalcone_and_stilbene_synthase_family_protein_OG0000281	macu_XP_009403798.2_chalcone_synthase_2_OG0000281	71.722	389	109	1	7	395	2	389	0.0	607
atha_NP_196897.1_Chalcone_and_stilbene_synthase_family_protein_OG0000281	macu_XP_064966551.1_chalcone_synthase_2-like_OG0000281	71.979	389	108	1	7	395	2	389	0.0	605
atha_NP_196897.1_Chalcone_and_stilbene_synthase_family_protein_OG0000281	macu_XP_065010829.1_chalcone_synthase_2-like_OG0000281	71.465	389	110	1	7	395	2	389	0.0	605
atha_NP_196897.1_Chalcone_and_stilbene_synthase_family_protein_OG0000281	csie_XP_028067486.1_chalcone_synthase_3-like_OG0000281	87.273	330	41	1	64	393	1	329	0.0	603
atha_NP_196897.1_Chalcone_and_stilbene_synthase_family_protein_OG0000281	crja_XP_057836889.2_chalcone_synthase-like_OG0000281	72.152	395	101	2	9	395	9	402	0.0	601
atha_NP_196897.1_Chalcone_and_stilbene_synthase_family_protein_OG0000281	pvul_XP_068483616.1_chalcone_synthase-like_OG0000281	72.135	384	106	1	9	392	4	386	0.0	598
atha_NP_196897.1_Chalcone_and_stilbene_synthase_family_protein_OG0000281	ahyp_arahy.Tifrunner.gnm1.ann1.S4FMHZ.1_NA_OG0000281	81.739	345	62	1	7	351	2	345	0.0	596
atha_NP_196897.1_Chalcone_and_stilbene_synthase_family_protein_OG0000281	ccaj_XP_020203335.1_chalcone_synthase_2_OG0000281	71.318	387	110	1	9	395	4	389	0.0	595
atha_NP_196897.1_Chalcone_and_stilbene_synthase_family_protein_OG0000281	ahyp_arahy.Tifrunner.gnm1.ann1.HC1E0U.1_NA_OG0000281	72.021	386	107	1	8	393	3	387	0.0	592
atha_NP_196897.1_Chalcone_and_stilbene_synthase_family_protein_OG0000281	ahyp_arahy.Tifrunner.gnm1.ann1.95I963.1_NA_OG0000281	71.649	388	109	1	8	395	3	389	0.0	592
atha_NP_196897.1_Chalcone_and_stilbene_synthase_family_protein_OG0000281	cann_XP_047257705.1_LOW_QUALITY_PROTEIN:_chalcone_synthase_F-like_OG0000281	72.280	386	106	1	8	393	3	387	0.0	590
atha_NP_196897.1_Chalcone_and_stilbene_synthase_family_protein_OG0000281	ahyp_arahy.Tifrunner.gnm1.ann1.YZ4W1Q.1_NA_OG0000281	71.649	388	109	1	8	395	3	389	0.0	590
atha_NP_196897.1_Chalcone_and_stilbene_synthase_family_protein_OG0000281	ahyp_arahy.Tifrunner.gnm1.ann1.9Q60JN.1_NA_OG0000281	71.392	388	110	1	8	395	3	389	0.0	589
atha_NP_196897.1_Chalcone_and_stilbene_synthase_family_protein_OG0000281	ahyp_arahy.Tifrunner.gnm1.ann1.3WH5A3.1_NA_OG0000281	71.392	388	110	1	8	395	3	389	0.0	588
atha_NP_196897.1_Chalcone_and_stilbene_synthase_family_protein_OG0000281	crja_XP_057836887.2_chalcone_synthase-like_OG0000281	73.575	386	101	1	9	394	9	393	0.0	587
atha_NP_196897.1_Chalcone_and_stilbene_synthase_family_protein_OG0000281	ahyp_arahy.Tifrunner.gnm1.ann1.A621IZ.1_NA_OG0000281	70.876	388	112	1	8	395	3	389	0.0	587
atha_NP_196897.1_Chalcone_and_stilbene_synthase_family_protein_OG0000281	ahyp_arahy.Tifrunner.gnm1.ann1.1B4KK2.1_NA_OG0000281	71.392	388	110	1	8	395	3	389	0.0	587
atha_NP_196897.1_Chalcone_and_stilbene_synthase_family_protein_OG0000281	ahyp_arahy.Tifrunner.gnm1.ann1.303ZYM.1_NA_OG0000281	71.134	388	111	1	8	395	3	389	0.0	587
atha_NP_196897.1_Chalcone_and_stilbene_synthase_family_protein_OG0000281	ccaj_XP_020213958.1_chalcone_synthase_OG0000281	69.767	387	116	1	9	395	4	389	0.0	586
atha_NP_196897.1_Chalcone_and_stilbene_synthase_family_protein_OG0000281	ahyp_arahy.Tifrunner.gnm1.ann1.VU1QU6.1_NA_OG0000281	71.134	388	110	2	9	395	4	390	0.0	586
atha_NP_196897.1_Chalcone_and_stilbene_synthase_family_protein_OG0000281	ahyp_arahy.Tifrunner.gnm1.ann1.U6WJF3.1_NA_OG0000281	70.876	388	112	1	8	395	3	389	0.0	586
atha_NP_196897.1_Chalcone_and_stilbene_synthase_family_protein_OG0000281	ahyp_arahy.Tifrunner.gnm1.ann1.A0U9FM.1_NA_OG0000281	70.619	388	113	1	8	395	3	389	0.0	586
atha_NP_196897.1_Chalcone_and_stilbene_synthase_family_protein_OG0000281	ahyp_arahy.Tifrunner.gnm1.ann1.2T7FQZ.1_NA_OG0000281	70.876	388	112	1	8	395	3	389	0.0	585
atha_NP_196897.1_Chalcone_and_stilbene_synthase_family_protein_OG0000281	ahyp_arahy.Tifrunner.gnm1.ann1.R1Z4C8.1_NA_OG0000281	71.134	388	111	1	8	395	3	389	0.0	585
atha_NP_196897.1_Chalcone_and_stilbene_synthase_family_protein_OG0000281	ahyp_arahy.Tifrunner.gnm1.ann1.BCQ67I.1_NA_OG0000281	71.244	386	110	1	8	393	3	387	0.0	585
atha_NP_196897.1_Chalcone_and_stilbene_synthase_family_protein_OG0000281	ahyp_arahy.Tifrunner.gnm1.ann1.V739AW.1_NA_OG0000281	70.876	388	112	1	8	395	3	389	0.0	584
atha_NP_196897.1_Chalcone_and_stilbene_synthase_family_protein_OG0000281	ahyp_arahy.Tifrunner.gnm1.ann1.UKNP9M.1_NA_OG0000281	70.361	388	114	1	8	395	3	389	0.0	584
atha_NP_196897.1_Chalcone_and_stilbene_synthase_family_protein_OG0000281	ahyp_arahy.Tifrunner.gnm1.ann1.EPR46C.2_NA_OG0000281	70.361	388	114	1	8	395	3	389	0.0	583
atha_NP_196897.1_Chalcone_and_stilbene_synthase_family_protein_OG0000281	ahyp_arahy.Tifrunner.gnm1.ann1.PUDN4D.1_NA_OG0000281	70.694	389	112	2	8	395	3	390	0.0	583
atha_NP_196897.1_Chalcone_and_stilbene_synthase_family_protein_OG0000281	ahyp_arahy.Tifrunner.gnm1.ann1.5YH4B6.1_NA_OG0000281	70.951	389	111	2	8	395	3	390	0.0	582
atha_NP_196897.1_Chalcone_and_stilbene_synthase_family_protein_OG0000281	csie_XP_028126289.1_chalcone_synthase_1-like_OG0000281	71.762	386	108	1	8	393	3	387	0.0	581
atha_NP_196897.1_Chalcone_and_stilbene_synthase_family_protein_OG0000281	ahyp_arahy.Tifrunner.gnm1.ann1.NS7LJX.1_NA_OG0000281	70.103	388	115	1	8	395	3	389	0.0	581
atha_NP_196897.1_Chalcone_and_stilbene_synthase_family_protein_OG0000281	ahyp_arahy.Tifrunner.gnm1.ann1.GQLW6A.1_NA_OG0000281	69.845	388	116	1	8	395	3	389	0.0	580
atha_NP_196897.1_Chalcone_and_stilbene_synthase_family_protein_OG0000281	azfi_Azfi_s0168.g054633_NA_OG0000281	74.550	389	92	3	13	395	9	396	0.0	579
atha_NP_196897.1_Chalcone_and_stilbene_synthase_family_protein_OG0000281	ahyp_arahy.Tifrunner.gnm1.ann1.1N9K04.1_NA_OG0000281	70.437	389	113	2	8	395	3	390	0.0	577
atha_NP_196897.1_Chalcone_and_stilbene_synthase_family_protein_OG0000281	ahyp_arahy.Tifrunner.gnm1.ann1.3DZG8W.1_NA_OG0000281	70.103	388	115	1	8	395	3	389	0.0	576
atha_NP_196897.1_Chalcone_and_stilbene_synthase_family_protein_OG0000281	stub_Soltu.DM.12G003090.1_NA_OG0000281	68.895	389	119	2	8	395	3	390	0.0	573
atha_NP_196897.1_Chalcone_and_stilbene_synthase_family_protein_OG0000281	azfi_Azfi_s0010.g012433_NA_OG0000281	69.576	401	103	2	13	395	20	419	0.0	569
atha_NP_196897.1_Chalcone_and_stilbene_synthase_family_protein_OG0000281	stub_Soltu.DM.12G003040.1_NA_OG0000281	69.152	389	118	2	8	395	3	390	0.0	568
atha_NP_196897.1_Chalcone_and_stilbene_synthase_family_protein_OG0000281	azfi_Azfi_s0334.g065481_NA_OG0000281	72.237	389	101	2	13	395	9	396	0.0	565
atha_NP_196897.1_Chalcone_and_stilbene_synthase_family_protein_OG0000281	stub_Soltu.DM.05G023170.1_NA_OG0000281	68.930	383	118	1	13	395	11	392	0.0	565
atha_NP_196897.1_Chalcone_and_stilbene_synthase_family_protein_OG0000281	cann_XP_016573601.2_chalcone_synthase_B_OG0000281	67.708	384	123	1	12	395	10	392	0.0	559
atha_NP_196897.1_Chalcone_and_stilbene_synthase_family_protein_OG0000281	pvul_XP_068471873.1_chalcone_synthase_1B-like_OG0000281	67.609	389	125	1	7	395	2	389	0.0	558
atha_NP_196897.1_Chalcone_and_stilbene_synthase_family_protein_OG0000281	cann_XP_016552038.1_chalcone_synthase_F_OG0000281	68.653	386	113	2	8	393	3	380	0.0	556
atha_NP_196897.1_Chalcone_and_stilbene_synthase_family_protein_OG0000281	slyc_XP_004239898.2_chalcone_synthase_B_OG0000281	66.580	383	127	1	13	395	11	392	0.0	555
atha_NP_196897.1_Chalcone_and_stilbene_synthase_family_protein_OG0000281	pvul_XP_068471874.1_chalcone_synthase_1B-like_OG0000281	67.352	389	126	1	7	395	2	389	0.0	554
atha_NP_196897.1_Chalcone_and_stilbene_synthase_family_protein_OG0000281	ccaj_XP_020207460.1_chalcone_synthase_OG0000281	67.183	387	126	1	9	395	4	389	0.0	551
atha_NP_196897.1_Chalcone_and_stilbene_synthase_family_protein_OG0000281	cann_XP_016551356.2_chalcone_synthase_J_OG0000281	66.581	389	128	2	8	395	3	390	0.0	551
atha_NP_196897.1_Chalcone_and_stilbene_synthase_family_protein_OG0000281	mnot_XP_024031811.1_chalcone_synthase-like_OG0000281	66.580	386	125	1	14	395	11	396	0.0	550
atha_NP_196897.1_Chalcone_and_stilbene_synthase_family_protein_OG0000281	ptrh_XP_006377074.1_chalcone_synthase_OG0000281	67.866	389	122	2	9	395	4	391	0.0	545
atha_NP_196897.1_Chalcone_and_stilbene_synthase_family_protein_OG0000281	jreg_XP_018807682.1_chalcone_synthase-like_OG0000281	64.267	389	138	1	7	395	2	389	0.0	542
atha_NP_196897.1_Chalcone_and_stilbene_synthase_family_protein_OG0000281	stub_Soltu.DM.12G003020.1_NA_OG0000281	66.581	389	128	2	8	395	17	404	0.0	541
atha_NP_196897.1_Chalcone_and_stilbene_synthase_family_protein_OG0000281	cann_XP_016551357.1_chalcone_synthase_J_OG0000281	67.895	380	120	2	15	393	9	387	0.0	539
atha_NP_196897.1_Chalcone_and_stilbene_synthase_family_protein_OG0000281	slyc_XP_010314857.1_chalcone_synthase_J_OG0000281	65.296	389	133	2	8	395	17	404	0.0	539
atha_NP_196897.1_Chalcone_and_stilbene_synthase_family_protein_OG0000281	cill_XP_042961588.1_chalcone_synthase-like_OG0000281	65.296	389	134	1	7	395	2	389	0.0	536
atha_NP_196897.1_Chalcone_and_stilbene_synthase_family_protein_OG0000281	azfi_Azfi_s0010.g012322_NA_OG0000281	65.657	396	122	3	13	395	24	418	0.0	532
atha_NP_196897.1_Chalcone_and_stilbene_synthase_family_protein_OG0000281	cill_XP_042961643.1_chalcone_synthase-like_OG0000281	64.781	389	136	1	7	395	2	389	0.0	528
atha_NP_196897.1_Chalcone_and_stilbene_synthase_family_protein_OG0000281	atri_XP_006837977.1_chalcone_synthase_1_OG0000281	64.599	387	134	2	8	394	3	386	0.0	528
atha_NP_196897.1_Chalcone_and_stilbene_synthase_family_protein_OG0000281	mnot_XP_010112845.2_chalcone_synthase_OG0000281	64.948	388	135	1	8	395	3	389	0.0	520
atha_NP_196897.1_Chalcone_and_stilbene_synthase_family_protein_OG0000281	smoe_XP_002965086.1_chalcone_synthase_OG0000281	64.304	381	135	1	15	395	2	381	0.0	518
atha_NP_196897.1_Chalcone_and_stilbene_synthase_family_protein_OG0000281	fves_FvH4_2g28040.t1_NA_OG0000281	64.304	381	134	2	15	394	5	384	0.0	517
atha_NP_196897.1_Chalcone_and_stilbene_synthase_family_protein_OG0000281	smoe_XP_002965309.1_chalcone_synthase_6-4_OG0000281	65.455	385	126	3	14	393	4	386	0.0	516
atha_NP_196897.1_Chalcone_and_stilbene_synthase_family_protein_OG0000281	azfi_Azfi_s0068.g036262_NA_OG0000281	63.520	392	131	1	13	392	6	397	0.0	514
atha_NP_196897.1_Chalcone_and_stilbene_synthase_family_protein_OG0000281	stub_Soltu.DM.12G003080.1_NA_OG0000281	65.116	387	133	2	7	392	2	387	0.0	513
atha_NP_196897.1_Chalcone_and_stilbene_synthase_family_protein_OG0000281	smoe_XP_002977158.1_chalcone_synthase_6-4_OG0000281	65.195	385	127	3	14	393	4	386	0.0	513
atha_NP_196897.1_Chalcone_and_stilbene_synthase_family_protein_OG0000281	ptrh_XP_002299197.4_chalcone_synthase_OG0000281	63.978	372	132	2	22	392	2	372	0.0	510
atha_NP_196897.1_Chalcone_and_stilbene_synthase_family_protein_OG0000281	mdom_MD00G1132100_NA_OG0000281	66.321	386	80	2	8	393	3	338	0.0	508
atha_NP_196897.1_Chalcone_and_stilbene_synthase_family_protein_OG0000281	mpol_Mapoly0021s0159.1.p_NA_OG0000281	61.224	392	151	1	4	395	15	405	0.0	507
atha_NP_196897.1_Chalcone_and_stilbene_synthase_family_protein_OG0000281	azfi_Azfi_s0008.g011448_NA_OG0000281	74.074	351	81	2	54	395	1	350	0.0	504
atha_NP_196897.1_Chalcone_and_stilbene_synthase_family_protein_OG0000281	ppat_XP_024358600.1_naringenin-chalcone_synthase_OG0000281	64.304	395	139	2	1	394	1	394	0.0	503
atha_NP_196897.1_Chalcone_and_stilbene_synthase_family_protein_OG0000281	ppat_XP_024368518.1_naringenin-chalcone_synthase_OG0000281	65.445	382	131	1	13	394	14	394	2.18e-180	501
atha_NP_196897.1_Chalcone_and_stilbene_synthase_family_protein_OG0000281	smoe_XP_002962175.1_chalcone_synthase_OG0000281	64.021	378	135	1	15	392	2	378	2.12e-179	498
atha_NP_196897.1_Chalcone_and_stilbene_synthase_family_protein_OG0000281	mpol_Mapoly0070s0060.1.p_NA_OG0000281	62.069	377	142	1	17	393	14	389	1.04e-178	497
atha_NP_196897.1_Chalcone_and_stilbene_synthase_family_protein_OG0000281	mpol_Mapoly0009s0180.1.p_NA_OG0000281	62.169	378	142	1	16	393	12	388	1.34e-178	497
atha_NP_196897.1_Chalcone_and_stilbene_synthase_family_protein_OG0000281	mpol_Mapoly0070s0072.1.p_NA_OG0000281	61.376	378	145	1	16	393	12	388	1.58e-178	496
atha_NP_196897.1_Chalcone_and_stilbene_synthase_family_protein_OG0000281	ppat_XP_024356740.1_polyketide_synthase_3_OG0000281	64.737	380	133	1	13	392	31	409	2.21e-178	497
atha_NP_196897.1_Chalcone_and_stilbene_synthase_family_protein_OG0000281	ppat_XP_024364246.2_naringenin-chalcone_synthase_OG0000281	64.267	389	137	2	5	392	11	398	2.22e-178	496
atha_NP_196897.1_Chalcone_and_stilbene_synthase_family_protein_OG0000281	mpol_Mapoly0009s0174.1.p_NA_OG0000281	61.905	378	143	1	16	393	12	388	3.96e-178	495
atha_NP_196897.1_Chalcone_and_stilbene_synthase_family_protein_OG0000281	mpol_Mapoly0070s0070.1.p_NA_OG0000281	62.069	377	142	1	17	393	14	389	6.64e-178	495
atha_NP_196897.1_Chalcone_and_stilbene_synthase_family_protein_OG0000281	mpol_Mapoly0044s0115.1.p_NA_OG0000281	61.214	379	146	1	16	394	13	390	8.36e-178	494
atha_NP_196897.1_Chalcone_and_stilbene_synthase_family_protein_OG0000281	mpol_Mapoly0041s0118.1.p_NA_OG0000281	61.905	378	143	1	16	393	12	388	1.32e-177	494
atha_NP_196897.1_Chalcone_and_stilbene_synthase_family_protein_OG0000281	ppat_XP_024359358.1_chalcone_synthase_3_OG0000281	63.446	383	138	1	13	395	24	404	2.23e-177	494
atha_NP_196897.1_Chalcone_and_stilbene_synthase_family_protein_OG0000281	mpol_Mapoly0070s0063.1.p_NA_OG0000281	61.376	378	145	1	16	393	13	389	3.31e-177	493
atha_NP_196897.1_Chalcone_and_stilbene_synthase_family_protein_OG0000281	mpol_Mapoly0070s0067.1.p_NA_OG0000281	61.538	377	144	1	17	393	14	389	1.26e-176	492
atha_NP_196897.1_Chalcone_and_stilbene_synthase_family_protein_OG0000281	mpol_Mapoly0070s0036.1.p_NA_OG0000281	60.317	378	149	1	16	393	16	392	1.49e-176	491
atha_NP_196897.1_Chalcone_and_stilbene_synthase_family_protein_OG0000281	mpol_Mapoly0070s0062.1.p_NA_OG0000281	60.847	378	147	1	16	393	13	389	2.32e-176	491
atha_NP_196897.1_Chalcone_and_stilbene_synthase_family_protein_OG0000281	mpol_Mapoly0070s0064.1.p_NA_OG0000281	61.804	377	143	1	17	393	14	389	5.44e-176	490
atha_NP_196897.1_Chalcone_and_stilbene_synthase_family_protein_OG0000281	slyc_XP_025887123.1_LOW_QUALITY_PROTEIN:_chalcone_synthase_J_OG0000281	63.824	387	135	3	8	393	3	385	7.58e-176	489
atha_NP_196897.1_Chalcone_and_stilbene_synthase_family_protein_OG0000281	ppat_XP_024388243.1_chalcone_synthase_OG0000281	64.211	380	135	1	13	392	20	398	2.28e-175	489
atha_NP_196897.1_Chalcone_and_stilbene_synthase_family_protein_OG0000281	mpol_Mapoly0072s0054.1.p_NA_OG0000281	61.741	379	144	1	16	394	7	384	1.27e-174	486
atha_NP_196897.1_Chalcone_and_stilbene_synthase_family_protein_OG0000281	mpol_Mapoly0040s0121.1.p_NA_OG0000281	59.115	384	156	1	12	395	33	415	7.79e-173	483
atha_NP_196897.1_Chalcone_and_stilbene_synthase_family_protein_OG0000281	mpol_Mapoly0072s0062.1.p_NA_OG0000281	59.631	379	152	1	16	394	7	384	1.87e-172	481
atha_NP_196897.1_Chalcone_and_stilbene_synthase_family_protein_OG0000281	mpol_Mapoly0072s0061.1.p_NA_OG0000281	61.741	379	144	1	16	394	7	384	5.81e-170	474
atha_NP_196897.1_Chalcone_and_stilbene_synthase_family_protein_OG0000281	mpol_Mapoly0009s0179.1.p_NA_OG0000281	58.594	384	156	2	10	393	6	386	1.17e-169	474
atha_NP_196897.1_Chalcone_and_stilbene_synthase_family_protein_OG0000281	stub_Soltu.DM.12G003070.1_NA_OG0000281	67.178	326	106	1	70	395	2	326	6.72e-168	467
atha_NP_196897.1_Chalcone_and_stilbene_synthase_family_protein_OG0000281	mpol_Mapoly0055s0104.1.p_NA_OG0000281	55.381	381	169	1	14	394	47	426	3.87e-163	459
atha_NP_196897.1_Chalcone_and_stilbene_synthase_family_protein_OG0000281	csie_XP_028093397.1_chalcone_synthase_1-like_OG0000281	75.000	292	72	1	102	393	1	291	6.89e-162	450
atha_NP_196897.1_Chalcone_and_stilbene_synthase_family_protein_OG0000281	ahyp_arahy.Tifrunner.gnm1.ann1.AH2S8B.1_NA_OG0000281	56.378	392	164	3	8	393	14	404	1.48e-161	454
atha_NP_196897.1_Chalcone_and_stilbene_synthase_family_protein_OG0000281	azfi_Azfi_s0029.g024183_NA_OG0000281	71.530	281	79	1	13	293	14	293	3.38e-152	427
atha_NP_196897.1_Chalcone_and_stilbene_synthase_family_protein_OG0000281	azfi_Azfi_s0010.g012428_NA_OG0000281	74.021	281	72	1	13	293	21	300	8.94e-152	430
atha_NP_196897.1_Chalcone_and_stilbene_synthase_family_protein_OG0000281	gmax_NP_001304378.2_chalcone_synthase_OG0000281	54.642	377	166	3	22	394	14	389	1.47e-151	428
atha_NP_196897.1_Chalcone_and_stilbene_synthase_family_protein_OG0000281	sbic_XP_002441839.1_chalcone_synthase_1_OG0000281	52.699	389	179	4	7	392	10	396	3.96e-145	412
atha_NP_196897.1_Chalcone_and_stilbene_synthase_family_protein_OG0000281	sbic_XP_002452260.1_bisdemethoxycurcumin_synthase_OG0000281	52.972	387	179	3	7	392	6	390	5.10e-145	412
atha_NP_196897.1_Chalcone_and_stilbene_synthase_family_protein_OG0000281	sbic_XP_002454000.1_bisdemethoxycurcumin_synthase_OG0000281	52.821	390	175	4	7	392	6	390	2.13e-144	410
atha_NP_196897.1_Chalcone_and_stilbene_synthase_family_protein_OG0000281	sbic_XP_002462897.1_bisdemethoxycurcumin_synthase_OG0000281	51.289	388	186	2	7	392	6	392	5.09e-143	407
atha_NP_196897.1_Chalcone_and_stilbene_synthase_family_protein_OG0000281	sbic_XP_002462896.1_bisdemethoxycurcumin_synthase_OG0000281	51.031	388	187	2	7	392	6	392	3.04e-142	405
atha_NP_196897.1_Chalcone_and_stilbene_synthase_family_protein_OG0000281	taes_XP_044385642.1_bisdemethoxycurcumin_synthase-like_OG0000281	51.546	388	179	4	7	392	2	382	7.26e-142	403
atha_NP_196897.1_Chalcone_and_stilbene_synthase_family_protein_OG0000281	sbic_XP_002449744.1_bisdemethoxycurcumin_synthase_OG0000281	51.282	390	186	3	6	392	7	395	2.01e-140	400
atha_NP_196897.1_Chalcone_and_stilbene_synthase_family_protein_OG0000281	taes_XP_044445921.1_bisdemethoxycurcumin_synthase-like_OG0000281	50.639	391	166	4	6	392	2	369	1.77e-136	389
atha_NP_196897.1_Chalcone_and_stilbene_synthase_family_protein_OG0000281	taes_XP_044393740.1_bisdemethoxycurcumin_synthase-like_OG0000281	48.849	391	173	5	7	395	2	367	2.48e-134	384
atha_NP_196897.1_Chalcone_and_stilbene_synthase_family_protein_OG0000281	osaj_XP_015646281.1_chalcone_synthase_1_OG0000281	49.870	385	187	3	8	391	18	397	1.24e-133	383
atha_NP_196897.1_Chalcone_and_stilbene_synthase_family_protein_OG0000281	zmay_XP_008645529.1_bisdemethoxycurcumin_synthase_OG0000281	51.697	383	178	4	13	392	12	390	3.28e-133	382
atha_NP_196897.1_Chalcone_and_stilbene_synthase_family_protein_OG0000281	osaj_XP_015645991.1_chalcone_synthase_1,_partial_OG0000281	48.698	384	189	4	11	391	23	401	1.69e-130	375
atha_NP_196897.1_Chalcone_and_stilbene_synthase_family_protein_OG0000281	cann_XP_047257708.1_chalcone_synthase-like_OG0000281	70.082	244	72	1	150	393	34	276	2.62e-124	355
atha_NP_196897.1_Chalcone_and_stilbene_synthase_family_protein_OG0000281	taes_XP_044396817.1_bisdemethoxycurcumin_synthase-like_OG0000281	50.139	359	170	4	36	392	1	352	7.38e-122	351
atha_NP_196897.1_Chalcone_and_stilbene_synthase_family_protein_OG0000281	mpol_Mapoly0087s0058.1.p_NA_OG0000281	59.641	223	89	1	171	393	14	235	2.11e-91	269
atha_NP_196897.1_Chalcone_and_stilbene_synthase_family_protein_OG0000281	mpol_Mapoly0858s0001.1.p_NA_OG0000281	50.218	229	72	3	158	386	39	225	3.76e-69	212
