atha_NP_194019.1_leucoanthocyanidin_dioxygenase_OG0010355	atha_NP_001031700.1_leucoanthocyanidin_dioxygenase_OG0010355	100.000	356	0	0	1	356	1	356	0.0	726
atha_NP_194019.1_leucoanthocyanidin_dioxygenase_OG0010355	brap_XP_009136276.1_leucoanthocyanidin_dioxygenase_OG0010355	91.292	356	31	0	1	356	1	356	0.0	677
atha_NP_194019.1_leucoanthocyanidin_dioxygenase_OG0010355	brap_XP_033143987.1_leucoanthocyanidin_dioxygenase_isoform_X1_OG0010355	91.597	357	29	1	1	356	1	357	0.0	669
atha_NP_194019.1_leucoanthocyanidin_dioxygenase_OG0010355	cill_XP_042949827.1_leucoanthocyanidin_dioxygenase_OG0010355	80.747	348	67	0	6	353	8	355	0.0	598
atha_NP_194019.1_leucoanthocyanidin_dioxygenase_OG0010355	jreg_XP_018847204.1_leucoanthocyanidin_dioxygenase_OG0010355	81.159	345	65	0	6	350	8	352	0.0	597
atha_NP_194019.1_leucoanthocyanidin_dioxygenase_OG0010355	tcac_Thecc.03G267700.1.p_NA_OG0010355	82.319	345	61	0	6	350	8	352	0.0	593
atha_NP_194019.1_leucoanthocyanidin_dioxygenase_OG0010355	mdom_MD03G1001100_NA_OG0010355	81.503	346	64	0	6	351	63	408	0.0	593
atha_NP_194019.1_leucoanthocyanidin_dioxygenase_OG0010355	cave_XP_059444046.1_leucoanthocyanidin_dioxygenase_OG0010355	81.739	345	63	0	6	350	8	352	0.0	591
atha_NP_194019.1_leucoanthocyanidin_dioxygenase_OG0010355	fves_FvH4_5g01170.t1_NA_OG0010355	81.089	349	66	0	6	354	10	358	0.0	575
atha_NP_194019.1_leucoanthocyanidin_dioxygenase_OG0010355	gmax_NP_001239794.1_anthocyanidin_synthase_OG0010355	80.000	345	68	1	6	350	7	350	0.0	573
atha_NP_194019.1_leucoanthocyanidin_dioxygenase_OG0010355	slyc_NP_001361323.1_anthocyanidin_synthase_OG0010355	76.218	349	83	0	6	354	11	359	0.0	573
atha_NP_194019.1_leucoanthocyanidin_dioxygenase_OG0010355	ahyp_arahy.Tifrunner.gnm1.ann1.AQ6B1J.1_NA_OG0010355	80.175	343	67	1	6	348	8	349	0.0	573
atha_NP_194019.1_leucoanthocyanidin_dioxygenase_OG0010355	slyc_XP_019070824.1_anthocyanidin_synthase_isoform_X1_OG0010355	76.218	349	83	0	6	354	11	359	0.0	572
atha_NP_194019.1_leucoanthocyanidin_dioxygenase_OG0010355	pvul_XP_068469176.1_leucoanthocyanidin_dioxygenase_OG0010355	78.286	350	74	2	1	350	4	351	0.0	572
atha_NP_194019.1_leucoanthocyanidin_dioxygenase_OG0010355	stub_Soltu.DM.08G026700.1_NA_OG0010355	75.645	349	85	0	6	354	11	359	0.0	571
atha_NP_194019.1_leucoanthocyanidin_dioxygenase_OG0010355	ccaj_XP_020216002.1_leucoanthocyanidin_dioxygenase_OG0010355	78.426	343	73	1	6	348	9	350	0.0	568
atha_NP_194019.1_leucoanthocyanidin_dioxygenase_OG0010355	cann_XP_016567932.1_leucoanthocyanidin_dioxygenase_OG0010355	75.287	348	86	0	6	353	11	358	0.0	567
atha_NP_194019.1_leucoanthocyanidin_dioxygenase_OG0010355	vvin_NP_001268147.1_leucoanthocyanidin_dioxygenase_OG0010355	79.885	348	70	0	6	353	8	355	0.0	566
atha_NP_194019.1_leucoanthocyanidin_dioxygenase_OG0010355	mnot_XP_010108066.1_leucoanthocyanidin_dioxygenase_OG0010355	80.466	343	67	0	6	348	8	350	0.0	565
atha_NP_194019.1_leucoanthocyanidin_dioxygenase_OG0010355	gmax_NP_001240884.1_leucoanthocyanidin_dioxygenase_OG0010355	78.261	345	74	1	6	350	7	350	0.0	565
atha_NP_194019.1_leucoanthocyanidin_dioxygenase_OG0010355	ptrh_XP_002304452.1_leucoanthocyanidin_dioxygenase_OG0010355	77.684	354	79	0	3	356	8	361	0.0	563
atha_NP_194019.1_leucoanthocyanidin_dioxygenase_OG0010355	ptrh_XP_002298081.1_leucoanthocyanidin_dioxygenase_OG0010355	76.056	355	85	0	2	356	6	360	0.0	555
atha_NP_194019.1_leucoanthocyanidin_dioxygenase_OG0010355	csie_XP_028087321.1_leucoanthocyanidin_dioxygenase-like_OG0010355	77.233	347	79	0	2	348	5	351	0.0	539
atha_NP_194019.1_leucoanthocyanidin_dioxygenase_OG0010355	csie_XP_028072725.1_leucoanthocyanidin_dioxygenase-like_OG0010355	80.186	323	64	0	2	324	5	327	0.0	520
atha_NP_194019.1_leucoanthocyanidin_dioxygenase_OG0010355	macu_XP_009399499.2_leucoanthocyanidin_dioxygenase_OG0010355	67.919	346	110	1	6	350	11	356	0.0	518
atha_NP_194019.1_leucoanthocyanidin_dioxygenase_OG0010355	atri_XP_006828895.2_leucoanthocyanidin_dioxygenase_OG0010355	65.527	351	120	1	2	352	1	350	0.0	501
atha_NP_194019.1_leucoanthocyanidin_dioxygenase_OG0010355	crja_XP_057834549.2_anthocyanin_synthase_OG0010355	58.790	347	138	5	2	347	1	343	4.37e-151	421
atha_NP_194019.1_leucoanthocyanidin_dioxygenase_OG0010355	crja_XP_057834533.2_anthocyanin_synthase_OG0010355	57.925	347	141	5	2	347	1	343	6.38e-149	416
atha_NP_194019.1_leucoanthocyanidin_dioxygenase_OG0010355	crja_XP_057834532.2_anthocyanin_synthase_OG0010355	57.925	347	141	5	2	347	1	343	1.50e-148	415
atha_NP_194019.1_leucoanthocyanidin_dioxygenase_OG0010355	zmay_NP_001106074.1_leucoanthocyanidin_dioxygenase_OG0010355	52.542	354	151	5	6	343	13	365	7.04e-142	400
atha_NP_194019.1_leucoanthocyanidin_dioxygenase_OG0010355	osaj_XP_015647276.1_leucoanthocyanidin_dioxygenase_1_OG0010355	49.448	362	168	7	1	349	1	360	3.98e-136	384
atha_NP_194019.1_leucoanthocyanidin_dioxygenase_OG0010355	sbic_XP_002451336.1_leucoanthocyanidin_dioxygenase_OG0010355	49.598	373	148	6	4	343	1	366	1.98e-135	384
atha_NP_194019.1_leucoanthocyanidin_dioxygenase_OG0010355	osaj_NP_001408585.1_leucoanthocyanidin_dioxygenase_2_OG0010355	48.199	361	172	5	1	349	1	358	1.90e-130	370
atha_NP_194019.1_leucoanthocyanidin_dioxygenase_OG0010355	crja_XP_057852729.2_flavonol_synthase_1_OG0010355	48.266	346	168	4	2	347	1	335	2.93e-121	345
atha_NP_194019.1_leucoanthocyanidin_dioxygenase_OG0010355	taes_XP_044405796.1_leucoanthocyanidin_dioxygenase_1-like_OG0010355	45.799	369	176	8	6	351	3	370	6.58e-121	348
atha_NP_194019.1_leucoanthocyanidin_dioxygenase_OG0010355	taes_XP_044408531.1_leucoanthocyanidin_dioxygenase_1-like_OG0010355	45.205	365	178	8	6	349	3	366	2.79e-119	344
atha_NP_194019.1_leucoanthocyanidin_dioxygenase_OG0010355	taes_XP_044415874.1_leucoanthocyanidin_dioxygenase_2-like_OG0010355	45.135	370	178	8	6	351	3	371	5.92e-119	343
atha_NP_194019.1_leucoanthocyanidin_dioxygenase_OG0010355	crja_XP_057852727.1_flavonol_synthase_1_OG0010355	46.532	346	175	4	2	347	1	336	9.96e-118	336
atha_NP_194019.1_leucoanthocyanidin_dioxygenase_OG0010355	taes_XP_044321193.1_leucoanthocyanidin_dioxygenase_2-like_OG0010355	45.125	359	181	6	4	346	1	359	2.32e-111	321
atha_NP_194019.1_leucoanthocyanidin_dioxygenase_OG0010355	crja_XP_057853800.1_flavonol_synthase/flavanone_3-hydroxylase_OG0010355	43.695	341	181	4	2	342	1	330	3.21e-111	320
