atha_NP_191072.1_Chalcone-flavanone_isomerase_family_protein_OG0005496	atha_NP_191072.1_Chalcone-flavanone_isomerase_family_protein_OG0005496	100.000	246	0	0	1	246	1	246	0.0	494
atha_NP_191072.1_Chalcone-flavanone_isomerase_family_protein_OG0005496	brap_XP_009116213.1_chalcone--flavonone_isomerase_OG0005496	81.496	254	36	2	1	246	1	251	1.19e-147	404
atha_NP_191072.1_Chalcone-flavanone_isomerase_family_protein_OG0005496	brap_XP_009103952.1_chalcone--flavonone_isomerase_OG0005496	80.000	255	39	2	1	246	1	252	3.45e-145	398
atha_NP_191072.1_Chalcone-flavanone_isomerase_family_protein_OG0005496	cill_XP_042953595.1_chalcone--flavanone_isomerase_OG0005496	64.706	238	80	2	12	246	3	239	6.34e-113	317
atha_NP_191072.1_Chalcone-flavanone_isomerase_family_protein_OG0005496	csie_XP_028092220.1_chalcone--flavonone_isomerase_OG0005496	68.304	224	70	1	9	232	2	224	1.82e-112	315
atha_NP_191072.1_Chalcone-flavanone_isomerase_family_protein_OG0005496	fves_FvH4_7g20870.t1_NA_OG0005496	68.750	224	63	1	15	238	4	220	6.52e-112	313
atha_NP_191072.1_Chalcone-flavanone_isomerase_family_protein_OG0005496	jreg_XP_018828032.1_chalcone--flavonone_isomerase-like_OG0005496	63.866	238	82	2	12	246	3	239	1.24e-111	314
atha_NP_191072.1_Chalcone-flavanone_isomerase_family_protein_OG0005496	tcac_Thecc.10G060600.1.p_NA_OG0005496	72.986	211	57	0	14	224	5	215	1.46e-110	310
atha_NP_191072.1_Chalcone-flavanone_isomerase_family_protein_OG0005496	cave_XP_059457222.1_chalcone--flavanone_isomerase_1-like_OG0005496	70.093	214	64	0	17	230	8	221	1.51e-110	310
atha_NP_191072.1_Chalcone-flavanone_isomerase_family_protein_OG0005496	mdom_MD01G1118000_NA_OG0005496	65.368	231	78	1	11	239	2	232	3.40e-110	309
atha_NP_191072.1_Chalcone-flavanone_isomerase_family_protein_OG0005496	cave_XP_059459123.1_chalcone--flavanone_isomerase_2-like_OG0005496	68.182	220	69	1	11	230	3	221	2.44e-109	306
atha_NP_191072.1_Chalcone-flavanone_isomerase_family_protein_OG0005496	csie_XP_028119616.1_chalcone--flavonone_isomerase-like_isoform_X1_OG0005496	68.203	217	68	1	14	230	3	218	5.65e-109	305
atha_NP_191072.1_Chalcone-flavanone_isomerase_family_protein_OG0005496	vvin_NP_001268033.1_chalcone--flavonone_isomerase_2_OG0005496	66.239	234	73	2	11	243	2	230	6.32e-109	306
atha_NP_191072.1_Chalcone-flavanone_isomerase_family_protein_OG0005496	mdom_MD07G1186300_NA_OG0005496	67.757	214	69	0	11	224	2	215	3.70e-107	301
atha_NP_191072.1_Chalcone-flavanone_isomerase_family_protein_OG0005496	ptrh_XP_002315258.1_chalcone--flavanone_isomerase_OG0005496	65.753	219	75	0	11	229	2	220	9.74e-107	300
atha_NP_191072.1_Chalcone-flavanone_isomerase_family_protein_OG0005496	mdom_MD01G1118100_NA_OG0005496	64.069	231	81	1	11	239	226	456	1.27e-104	303
atha_NP_191072.1_Chalcone-flavanone_isomerase_family_protein_OG0005496	mdom_MD01G1118100_NA_OG0005496	62.162	222	75	1	11	232	2	214	4.12e-96	281
atha_NP_191072.1_Chalcone-flavanone_isomerase_family_protein_OG0005496	pvul_XP_068491646.1_chalcone--flavanone_isomerase-like_OG0005496	66.509	212	71	0	13	224	3	214	7.40e-104	292
atha_NP_191072.1_Chalcone-flavanone_isomerase_family_protein_OG0005496	pvul_XP_068470632.1_chalcone--flavanone_isomerase_2-like_isoform_X1_OG0005496	66.047	215	73	0	10	224	41	255	9.31e-104	294
atha_NP_191072.1_Chalcone-flavanone_isomerase_family_protein_OG0005496	mdom_MD01G1117800_NA_OG0005496	67.757	214	69	0	11	224	115	328	2.18e-103	303
atha_NP_191072.1_Chalcone-flavanone_isomerase_family_protein_OG0005496	mdom_MD01G1117800_NA_OG0005496	64.574	223	77	1	11	233	348	568	2.75e-99	293
atha_NP_191072.1_Chalcone-flavanone_isomerase_family_protein_OG0005496	mdom_MD01G1117800_NA_OG0005496	50.769	130	30	1	45	174	20	115	2.73e-35	124
atha_NP_191072.1_Chalcone-flavanone_isomerase_family_protein_OG0005496	ahyp_arahy.Tifrunner.gnm1.ann1.VJQ7J1.1_NA_OG0005496	62.389	226	84	1	15	240	6	230	3.18e-103	292
atha_NP_191072.1_Chalcone-flavanone_isomerase_family_protein_OG0005496	brap_XP_009116218.2_chalcone--flavonone_isomerase_OG0005496	57.627	295	63	6	11	246	63	354	4.07e-103	295
atha_NP_191072.1_Chalcone-flavanone_isomerase_family_protein_OG0005496	ahyp_arahy.Tifrunner.gnm1.ann1.TJ3PHW.1_NA_OG0005496	62.338	231	83	2	10	240	4	230	6.32e-103	291
atha_NP_191072.1_Chalcone-flavanone_isomerase_family_protein_OG0005496	mnot_XP_024024724.1_chalcone--flavonone_isomerase_OG0005496	67.290	214	70	0	16	229	94	307	2.11e-102	292
atha_NP_191072.1_Chalcone-flavanone_isomerase_family_protein_OG0005496	ccaj_XP_020235329.1_chalcone--flavonone_isomerase_OG0005496	64.091	220	76	1	13	229	25	244	3.45e-102	289
atha_NP_191072.1_Chalcone-flavanone_isomerase_family_protein_OG0005496	cann_XP_047255386.1_chalcone--flavanone_isomerase_isoform_X1_OG0005496	62.115	227	81	2	15	236	3	229	4.08e-100	283
atha_NP_191072.1_Chalcone-flavanone_isomerase_family_protein_OG0005496	gmax_NP_001236768.2_chalcone--flavanone_isomerase_2-A_OG0005496	65.094	212	74	0	13	224	5	216	4.29e-100	283
atha_NP_191072.1_Chalcone-flavanone_isomerase_family_protein_OG0005496	stub_Soltu.DM.05G001950.1_NA_OG0005496	62.273	220	82	1	16	234	4	223	1.31e-98	280
atha_NP_191072.1_Chalcone-flavanone_isomerase_family_protein_OG0005496	slyc_NP_001307640.1_chalcone--flavonone_isomerase_OG0005496	61.364	220	84	1	16	234	4	223	1.42e-97	276
atha_NP_191072.1_Chalcone-flavanone_isomerase_family_protein_OG0005496	slyc_XP_004239430.1_chalcone--flavanone_isomerase_OG0005496	61.927	218	80	2	16	231	4	220	5.78e-95	270
atha_NP_191072.1_Chalcone-flavanone_isomerase_family_protein_OG0005496	zmay_NP_001144002.2_chalcone--flavanone_isomerase_OG0005496	64.179	201	72	0	26	226	13	213	1.62e-92	264
atha_NP_191072.1_Chalcone-flavanone_isomerase_family_protein_OG0005496	stub_Soltu.DM.05G001960.1_NA_OG0005496	61.009	218	82	2	16	231	4	220	2.75e-92	263
atha_NP_191072.1_Chalcone-flavanone_isomerase_family_protein_OG0005496	csie_XP_028119617.1_chalcone--flavonone_isomerase-like_isoform_X2_OG0005496	61.290	217	63	2	14	230	3	198	5.62e-91	259
atha_NP_191072.1_Chalcone-flavanone_isomerase_family_protein_OG0005496	osaj_NP_001405881.1_chalcone--flavanone_isomerase_OG0005496	59.155	213	84	2	15	224	3	215	5.76e-91	260
atha_NP_191072.1_Chalcone-flavanone_isomerase_family_protein_OG0005496	ccaj_XP_020235348.2_chalcone--flavonone_isomerase_OG0005496	55.399	213	95	0	15	227	14	226	1.30e-90	259
atha_NP_191072.1_Chalcone-flavanone_isomerase_family_protein_OG0005496	sbic_XP_002463631.1_chalcone--flavonone_isomerase_OG0005496	63.452	197	72	0	31	227	18	214	6.22e-90	258
atha_NP_191072.1_Chalcone-flavanone_isomerase_family_protein_OG0005496	zmay_NP_001347596.1_Chalcone--flavonone_isomerase_OG0005496	61.386	202	78	0	26	227	13	214	6.50e-90	257
atha_NP_191072.1_Chalcone-flavanone_isomerase_family_protein_OG0005496	csat_XP_004149817.1_chalcone--flavonone_isomerase_OG0005496	59.330	209	82	1	19	224	7	215	1.82e-87	251
atha_NP_191072.1_Chalcone-flavanone_isomerase_family_protein_OG0005496	zmay_XP_020408792.1_chalcone--flavonone_isomerase_isoform_X1_OG0005496	58.768	211	78	1	26	227	13	223	8.87e-87	250
atha_NP_191072.1_Chalcone-flavanone_isomerase_family_protein_OG0005496	macu_XP_065006003.1_chalcone--flavanone_isomerase-like_OG0005496	56.306	222	94	1	11	232	7	225	1.65e-85	246
atha_NP_191072.1_Chalcone-flavanone_isomerase_family_protein_OG0005496	macu_XP_009396862.2_chalcone--flavanone_isomerase_OG0005496	54.148	229	100	1	4	232	2	225	6.46e-84	242
atha_NP_191072.1_Chalcone-flavanone_isomerase_family_protein_OG0005496	taes_XP_044383688.1_chalcone--flavanone_isomerase-like_OG0005496	57.346	211	89	1	15	224	2	212	2.67e-83	241
atha_NP_191072.1_Chalcone-flavanone_isomerase_family_protein_OG0005496	taes_XP_044402345.1_chalcone--flavanone_isomerase-like_OG0005496	57.346	211	89	1	15	224	2	212	2.73e-83	241
atha_NP_191072.1_Chalcone-flavanone_isomerase_family_protein_OG0005496	atri_XP_006850685.1_chalcone--flavonone_isomerase_isoform_X1_OG0005496	54.709	223	92	1	16	238	7	220	3.77e-81	235
atha_NP_191072.1_Chalcone-flavanone_isomerase_family_protein_OG0005496	taes_XP_044391246.1_chalcone--flavanone_isomerase_OG0005496	55.450	211	93	1	15	224	2	212	2.96e-79	230
atha_NP_191072.1_Chalcone-flavanone_isomerase_family_protein_OG0005496	crja_XP_057852951.1_chalcone--flavanone_isomerase_2_OG0005496	55.502	209	92	1	16	224	216	423	5.96e-79	236
atha_NP_191072.1_Chalcone-flavanone_isomerase_family_protein_OG0005496	crja_XP_057852951.1_chalcone--flavanone_isomerase_2_OG0005496	54.634	205	92	1	19	223	1	204	1.34e-76	230
atha_NP_191072.1_Chalcone-flavanone_isomerase_family_protein_OG0005496	atha_NP_201423.2_Chalcone-flavanone_isomerase_family_protein_OG0005496	67.089	158	52	0	69	226	2	159	3.40e-76	221
atha_NP_191072.1_Chalcone-flavanone_isomerase_family_protein_OG0005496	gmax_NP_001235219.1_chalcone--flavanone_isomerase_1A_OG0005496	52.153	209	100	0	16	224	4	212	1.90e-75	220
atha_NP_191072.1_Chalcone-flavanone_isomerase_family_protein_OG0005496	crja_XP_057852870.2_chalcone--flavanone_isomerase-like_OG0005496	51.887	212	101	1	19	230	1	211	1.91e-74	220
atha_NP_191072.1_Chalcone-flavanone_isomerase_family_protein_OG0005496	atri_XP_011625653.1_chalcone--flavonone_isomerase_2_isoform_X2_OG0005496	52.018	223	87	2	16	238	7	209	5.68e-74	217
atha_NP_191072.1_Chalcone-flavanone_isomerase_family_protein_OG0005496	ccaj_XP_020209203.1_chalcone--flavonone_isomerase_OG0005496	50.000	210	105	0	15	224	7	216	5.85e-73	214
atha_NP_191072.1_Chalcone-flavanone_isomerase_family_protein_OG0005496	pvul_XP_068491647.1_chalcone--flavanone_isomerase_OG0005496	49.763	211	106	0	14	224	5	215	3.00e-72	212
atha_NP_191072.1_Chalcone-flavanone_isomerase_family_protein_OG0005496	pvul_XP_068465025.1_chalcone--flavanone_isomerase_1B-2-like_OG0005496	48.402	219	113	0	14	232	6	224	3.76e-72	212
atha_NP_191072.1_Chalcone-flavanone_isomerase_family_protein_OG0005496	gmax_NP_001236755.1_chalcone--flavanone_isomerase_1B-1_OG0005496	50.000	210	105	0	15	224	6	215	8.98e-72	211
atha_NP_191072.1_Chalcone-flavanone_isomerase_family_protein_OG0005496	gmax_NP_001236097.2_chalcone--flavanone_isomerase_1B-2_OG0005496	49.524	210	106	0	15	224	6	215	3.32e-71	210
atha_NP_191072.1_Chalcone-flavanone_isomerase_family_protein_OG0005496	mnot_XP_010101513.2_chalcone--flavonone_isomerase_OG0005496	52.995	217	100	2	14	228	9	225	1.82e-69	205
atha_NP_191072.1_Chalcone-flavanone_isomerase_family_protein_OG0005496	ccaj_XP_020235325.1_chalcone--flavonone_isomerase_1A_OG0005496	47.489	219	109	1	6	224	2	214	5.43e-69	204
atha_NP_191072.1_Chalcone-flavanone_isomerase_family_protein_OG0005496	ahyp_arahy.Tifrunner.gnm1.ann1.425ZXH.1_NA_OG0005496	46.479	213	106	2	14	226	5	209	3.77e-65	194
atha_NP_191072.1_Chalcone-flavanone_isomerase_family_protein_OG0005496	ccaj_XP_020235333.1_chalcone--flavonone_isomerase_1B-1_OG0005496	44.498	209	116	0	16	224	9	217	3.53e-64	192
atha_NP_191072.1_Chalcone-flavanone_isomerase_family_protein_OG0005496	taes_XP_044434524.1_chalcone--flavanone_isomerase-like_OG0005496	50.000	216	104	2	13	224	6	221	2.35e-63	189
atha_NP_191072.1_Chalcone-flavanone_isomerase_family_protein_OG0005496	crja_XP_057852871.2_chalcone--flavanone_isomerase-like_OG0005496	51.075	186	87	2	42	224	4	188	1.60e-62	186
atha_NP_191072.1_Chalcone-flavanone_isomerase_family_protein_OG0005496	tcac_Thecc.10G061200.1.p_NA_OG0005496	66.667	141	41	1	90	224	10	150	4.37e-61	182
atha_NP_191072.1_Chalcone-flavanone_isomerase_family_protein_OG0005496	atri_XP_006850621.1_chalcone--flavonone_isomerase_OG0005496	43.602	211	113	3	19	224	9	218	3.71e-50	156
atha_NP_191072.1_Chalcone-flavanone_isomerase_family_protein_OG0005496	azfi_Azfi_s0030.g024403_NA_OG0005496	48.851	174	84	3	49	222	1	169	4.46e-50	154
atha_NP_191072.1_Chalcone-flavanone_isomerase_family_protein_OG0005496	mdom_MD07G1186400_NA_OG0005496	60.317	126	49	1	100	224	32	157	3.13e-49	152
atha_NP_191072.1_Chalcone-flavanone_isomerase_family_protein_OG0005496	ahyp_arahy.Tifrunner.gnm1.ann1.LGAM8W.1_NA_OG0005496	42.515	167	96	0	15	181	6	172	9.15e-48	148
atha_NP_191072.1_Chalcone-flavanone_isomerase_family_protein_OG0005496	atri_XP_006850622.2_chalcone--flavonone_isomerase_OG0005496	42.254	213	117	3	19	226	1	212	3.74e-47	148
atha_NP_191072.1_Chalcone-flavanone_isomerase_family_protein_OG0005496	ahyp_arahy.Tifrunner.gnm1.ann1.6JHV2K.1_NA_OG0005496	41.916	167	97	0	15	181	6	172	1.64e-46	145
atha_NP_191072.1_Chalcone-flavanone_isomerase_family_protein_OG0005496	mdom_MD01G1118300_NA_OG0005496	66.667	93	31	0	11	103	2	94	8.52e-39	124
atha_NP_191072.1_Chalcone-flavanone_isomerase_family_protein_OG0005496	ahyp_arahy.Tifrunner.gnm1.ann1.2GDU51.1_NA_OG0005496	48.062	129	67	0	98	226	61	189	1.20e-38	125
atha_NP_191072.1_Chalcone-flavanone_isomerase_family_protein_OG0005496	smoe_XP_002980623.1_chalcone--flavonone_isomerase_3_OG0005496	37.019	208	128	3	19	224	10	216	2.69e-38	125
atha_NP_191072.1_Chalcone-flavanone_isomerase_family_protein_OG0005496	mpol_Mapoly0167s0012.1.p_NA_OG0005496	34.975	203	128	4	33	233	73	273	5.34e-32	110
atha_NP_191072.1_Chalcone-flavanone_isomerase_family_protein_OG0005496	tcac_Thecc.10G060800.1.p_NA_OG0005496	50.575	87	37	1	14	100	5	85	9.75e-25	86.3
