atha_NP_176686.1_4-coumarate:CoA_ligase_3_OG0001216	atha_NP_176686.1_4-coumarate:CoA_ligase_3_OG0001216	100.000	561	0	0	1	561	1	561	0.0	1149
atha_NP_176686.1_4-coumarate:CoA_ligase_3_OG0001216	brap_XP_009105144.1_4-coumarate--CoA_ligase_3_OG0001216	88.908	568	52	4	1	561	1	564	0.0	1011
atha_NP_176686.1_4-coumarate:CoA_ligase_3_OG0001216	atha_NP_849844.1_4-coumarate:CoA_ligase_3_OG0001216	99.577	473	2	0	1	473	1	473	0.0	966
atha_NP_176686.1_4-coumarate:CoA_ligase_3_OG0001216	tcac_Thecc.05G213600.1.p_NA_OG0001216	76.350	537	115	3	33	560	126	659	0.0	831
atha_NP_176686.1_4-coumarate:CoA_ligase_3_OG0001216	gmax_NP_001237270.1_4-coumarate:CoA_ligase_isoenzyme_3_OG0001216	74.535	538	128	3	29	560	28	562	0.0	828
atha_NP_176686.1_4-coumarate:CoA_ligase_3_OG0001216	fves_FvH4_7g33990.t1_NA_OG0001216	73.704	540	128	4	33	561	44	580	0.0	822
atha_NP_176686.1_4-coumarate:CoA_ligase_3_OG0001216	mdom_MD01G1236300_NA_OG0001216	73.297	543	127	3	33	560	61	600	0.0	818
atha_NP_176686.1_4-coumarate:CoA_ligase_3_OG0001216	cave_XP_059452674.1_4-coumarate--CoA_ligase_2-like_OG0001216	71.942	556	145	4	13	560	9	561	0.0	818
atha_NP_176686.1_4-coumarate:CoA_ligase_3_OG0001216	vvin_XP_002274994.1_4-coumarate--CoA_ligase_2_OG0001216	73.271	535	132	3	34	560	31	562	0.0	815
atha_NP_176686.1_4-coumarate:CoA_ligase_3_OG0001216	csie_XP_028052520.1_4-coumarate--CoA_ligase_2_OG0001216	74.206	535	128	3	33	560	30	561	0.0	815
atha_NP_176686.1_4-coumarate:CoA_ligase_3_OG0001216	ptrh_XP_002325815.1_4-coumarate--CoA_ligase_2_OG0001216	73.346	544	133	3	26	560	23	563	0.0	808
atha_NP_176686.1_4-coumarate:CoA_ligase_3_OG0001216	ccaj_XP_020230139.1_4-coumarate--CoA_ligase_2_OG0001216	75.187	536	124	4	31	560	26	558	0.0	807
atha_NP_176686.1_4-coumarate:CoA_ligase_3_OG0001216	jreg_XP_018817126.2_4-coumarate--CoA_ligase_2-like_OG0001216	75.605	537	121	3	31	560	32	565	0.0	806
atha_NP_176686.1_4-coumarate:CoA_ligase_3_OG0001216	cill_XP_042978844.1_4-coumarate--CoA_ligase_2_OG0001216	75.605	537	121	3	31	560	32	565	0.0	805
atha_NP_176686.1_4-coumarate:CoA_ligase_3_OG0001216	mnot_XP_010087481.1_4-coumarate--CoA_ligase_2_OG0001216	69.784	556	137	4	34	560	35	588	0.0	796
atha_NP_176686.1_4-coumarate:CoA_ligase_3_OG0001216	macu_XP_009384734.2_4-coumarate--CoA_ligase_2_OG0001216	67.196	567	171	4	1	560	1	559	0.0	787
atha_NP_176686.1_4-coumarate:CoA_ligase_3_OG0001216	ahyp_arahy.Tifrunner.gnm1.ann1.EQU2N6.1_NA_OG0001216	73.234	538	136	4	28	560	32	566	0.0	787
atha_NP_176686.1_4-coumarate:CoA_ligase_3_OG0001216	gmax_NP_001236236.2_4-coumarate--CoA_ligase_4_OG0001216	70.848	566	147	6	1	560	1	554	0.0	786
atha_NP_176686.1_4-coumarate:CoA_ligase_3_OG0001216	pvul_XP_068467628.1_4-coumarate--CoA_ligase_2_OG0001216	71.143	551	148	4	16	560	9	554	0.0	781
atha_NP_176686.1_4-coumarate:CoA_ligase_3_OG0001216	mdom_MD07G1309000_NA_OG0001216	73.481	543	126	4	33	560	58	597	0.0	780
atha_NP_176686.1_4-coumarate:CoA_ligase_3_OG0001216	stub_Soltu.DM.03G020790.1_NA_OG0001216	69.403	536	154	4	34	561	32	565	0.0	773
atha_NP_176686.1_4-coumarate:CoA_ligase_3_OG0001216	slyc_NP_001333794.1_4-coumarate--CoA_ligase_OG0001216	69.159	535	155	4	34	560	32	564	0.0	768
atha_NP_176686.1_4-coumarate:CoA_ligase_3_OG0001216	cann_XP_047265503.1_4-coumarate--CoA_ligase_2_isoform_X1_OG0001216	68.392	541	155	5	34	560	33	571	0.0	760
atha_NP_176686.1_4-coumarate:CoA_ligase_3_OG0001216	taes_XP_044413653.1_4-coumarate--CoA_ligase_2-like_OG0001216	68.324	543	159	4	30	560	26	567	0.0	759
atha_NP_176686.1_4-coumarate:CoA_ligase_3_OG0001216	macu_XP_064995296.1_4-coumarate--CoA_ligase_2-like_OG0001216	66.976	539	168	3	29	560	23	558	0.0	756
atha_NP_176686.1_4-coumarate:CoA_ligase_3_OG0001216	macu_XP_009388424.2_4-coumarate--CoA_ligase_2_OG0001216	66.790	539	169	3	29	560	23	558	0.0	754
atha_NP_176686.1_4-coumarate:CoA_ligase_3_OG0001216	csat_XP_004151908.1_4-coumarate--CoA_ligase_2_OG0001216	69.565	529	156	4	34	560	29	554	0.0	753
atha_NP_176686.1_4-coumarate:CoA_ligase_3_OG0001216	sbic_XP_002452704.1_probable_4-coumarate--CoA_ligase_2_OG0001216	67.837	541	157	5	34	560	23	560	0.0	750
atha_NP_176686.1_4-coumarate:CoA_ligase_3_OG0001216	osaj_NP_001403765.1_4-coumarate--CoA_ligase_2_OG0001216	65.625	576	172	6	1	560	1	566	0.0	748
atha_NP_176686.1_4-coumarate:CoA_ligase_3_OG0001216	gmax_XP_003538929.1_4-coumarate--CoA_ligase_2_OG0001216	68.480	533	156	6	29	560	35	556	0.0	746
atha_NP_176686.1_4-coumarate:CoA_ligase_3_OG0001216	macu_XP_009396226.1_4-coumarate--CoA_ligase_3_OG0001216	66.045	536	177	3	27	560	4	536	0.0	739
atha_NP_176686.1_4-coumarate:CoA_ligase_3_OG0001216	crja_XP_057862143.2_4-coumarate--CoA_ligase_OG0001216	65.094	530	179	3	34	560	25	551	0.0	737
atha_NP_176686.1_4-coumarate:CoA_ligase_3_OG0001216	taes_XP_044403920.1_4-coumarate--CoA_ligase_2-like_OG0001216	67.772	543	162	3	30	560	26	567	0.0	736
atha_NP_176686.1_4-coumarate:CoA_ligase_3_OG0001216	csie_XP_028078731.1_4-coumarate--CoA_ligase_2-like_OG0001216	66.541	529	173	2	34	560	11	537	0.0	734
atha_NP_176686.1_4-coumarate:CoA_ligase_3_OG0001216	taes_XP_044420438.1_4-coumarate--CoA_ligase_2_OG0001216	67.772	543	162	4	30	560	21	562	0.0	733
atha_NP_176686.1_4-coumarate:CoA_ligase_3_OG0001216	fves_FvH4_4g09340.t1_NA_OG0001216	65.537	531	177	3	34	560	11	539	0.0	730
atha_NP_176686.1_4-coumarate:CoA_ligase_3_OG0001216	crja_XP_057863545.1_4-coumarate--CoA_ligase_OG0001216	67.978	534	166	3	28	560	43	572	0.0	729
atha_NP_176686.1_4-coumarate:CoA_ligase_3_OG0001216	ptrh_XP_052310168.1_4-coumarate--CoA_ligase_CCL1_OG0001216	66.226	530	173	3	34	560	12	538	0.0	728
atha_NP_176686.1_4-coumarate:CoA_ligase_3_OG0001216	atri_XP_006845618.1_4-coumarate--CoA_ligase_2_OG0001216	67.362	527	167	4	34	560	11	532	0.0	728
atha_NP_176686.1_4-coumarate:CoA_ligase_3_OG0001216	jreg_XP_018814510.2_4-coumarate--CoA_ligase_1-like_OG0001216	65.103	533	182	3	30	560	8	538	0.0	727
atha_NP_176686.1_4-coumarate:CoA_ligase_3_OG0001216	macu_XP_009385911.2_4-coumarate--CoA_ligase_1_OG0001216	65.549	537	178	4	28	560	5	538	0.0	726
atha_NP_176686.1_4-coumarate:CoA_ligase_3_OG0001216	cill_XP_042989349.1_4-coumarate:CoA_ligase_1-like_OG0001216	65.217	529	179	3	34	560	11	536	0.0	726
atha_NP_176686.1_4-coumarate:CoA_ligase_3_OG0001216	ptrh_XP_002324477.2_4-coumarate--CoA_ligase_2_OG0001216	66.226	530	172	4	34	560	12	537	0.0	726
atha_NP_176686.1_4-coumarate:CoA_ligase_3_OG0001216	cill_XP_042978300.1_4-coumarate--CoA_ligase_1-like_OG0001216	64.540	533	185	2	30	560	8	538	0.0	726
atha_NP_176686.1_4-coumarate:CoA_ligase_3_OG0001216	macu_XP_009395469.2_4-coumarate--CoA_ligase_CCL1_OG0001216	67.724	536	168	3	27	560	4	536	0.0	726
atha_NP_176686.1_4-coumarate:CoA_ligase_3_OG0001216	zmay_XP_008678982.1_probable_4-coumarate--CoA_ligase_2_OG0001216	65.867	542	166	4	34	557	26	566	0.0	724
atha_NP_176686.1_4-coumarate:CoA_ligase_3_OG0001216	macu_XP_009414743.1_4-coumarate--CoA_ligase_1_OG0001216	65.543	534	179	4	30	560	7	538	0.0	724
atha_NP_176686.1_4-coumarate:CoA_ligase_3_OG0001216	macu_XP_009418547.2_4-coumarate--CoA_ligase_CCL1_OG0001216	65.485	536	180	3	27	560	4	536	0.0	721
atha_NP_176686.1_4-coumarate:CoA_ligase_3_OG0001216	jreg_XP_018831161.1_4-coumarate--CoA_ligase_2-like_OG0001216	65.112	536	184	2	26	560	3	536	0.0	721
atha_NP_176686.1_4-coumarate:CoA_ligase_3_OG0001216	mdom_MD13G1257800_NA_OG0001216	65.169	534	178	3	34	561	11	542	0.0	719
atha_NP_176686.1_4-coumarate:CoA_ligase_3_OG0001216	cave_XP_059461358.1_LOW_QUALITY_PROTEIN:_4-coumarate--CoA_ligase_CCL1-like_OG0001216	65.291	533	176	3	30	560	3	528	0.0	718
atha_NP_176686.1_4-coumarate:CoA_ligase_3_OG0001216	tcac_Thecc.09G171400.1.p_NA_OG0001216	66.981	530	170	3	34	561	11	537	0.0	716
atha_NP_176686.1_4-coumarate:CoA_ligase_3_OG0001216	mnot_XP_010092099.1_4-coumarate--CoA_ligase_1_OG0001216	64.286	532	183	2	34	560	11	540	0.0	716
atha_NP_176686.1_4-coumarate:CoA_ligase_3_OG0001216	cill_XP_042963835.1_4-coumarate--CoA_ligase_1-like_OG0001216	64.728	533	184	3	30	560	9	539	0.0	716
atha_NP_176686.1_4-coumarate:CoA_ligase_3_OG0001216	vvin_XP_002269945.1_4-coumarate--CoA_ligase_2_OG0001216	64.461	529	183	3	34	560	8	533	0.0	715
atha_NP_176686.1_4-coumarate:CoA_ligase_3_OG0001216	jreg_XP_018830336.1_4-coumarate--CoA_ligase_1-like_OG0001216	65.291	533	181	3	30	560	9	539	0.0	714
atha_NP_176686.1_4-coumarate:CoA_ligase_3_OG0001216	stub_Soltu.DM.06G024540.1_NA_OG0001216	65.595	529	178	3	34	560	16	542	0.0	714
atha_NP_176686.1_4-coumarate:CoA_ligase_3_OG0001216	zmay_NP_001105258.2_uncharacterized_protein_LOC542166_OG0001216	61.932	528	197	2	34	560	26	550	0.0	712
atha_NP_176686.1_4-coumarate:CoA_ligase_3_OG0001216	cann_XP_016578426.2_4-coumarate--CoA_ligase_2_OG0001216	65.595	529	178	3	34	560	13	539	0.0	712
atha_NP_176686.1_4-coumarate:CoA_ligase_3_OG0001216	jreg_XP_018831160.1_4-coumarate--CoA_ligase_2-like_OG0001216	63.993	536	190	2	26	560	3	536	0.0	711
atha_NP_176686.1_4-coumarate:CoA_ligase_3_OG0001216	atha_NP_188761.1_4-coumarate:CoA_ligase_2_OG0001216	64.340	530	187	2	34	561	22	551	0.0	711
atha_NP_176686.1_4-coumarate:CoA_ligase_3_OG0001216	gmax_XP_003550658.1_4-coumarate--CoA_ligase_2_OG0001216	64.650	529	184	2	34	561	16	542	0.0	708
atha_NP_176686.1_4-coumarate:CoA_ligase_3_OG0001216	slyc_NP_001333774.1_4-coumarate--CoA_ligase_OG0001216	65.406	529	179	3	34	560	16	542	0.0	706
atha_NP_176686.1_4-coumarate:CoA_ligase_3_OG0001216	fves_FvH4_6g27940.t1_NA_OG0001216	64.366	536	187	3	28	561	5	538	0.0	705
atha_NP_176686.1_4-coumarate:CoA_ligase_3_OG0001216	sbic_XP_002451647.1_probable_4-coumarate--CoA_ligase_3_OG0001216	62.004	529	195	3	34	560	26	550	0.0	704
atha_NP_176686.1_4-coumarate:CoA_ligase_3_OG0001216	ppat_XP_024358594.1_4-coumarate--CoA_ligase_OG0001216	63.378	527	188	3	34	560	49	570	0.0	704
atha_NP_176686.1_4-coumarate:CoA_ligase_3_OG0001216	pvul_XP_068464050.1_4-coumarate--CoA_ligase_CCL1-like_OG0001216	64.394	528	185	2	34	560	15	540	0.0	704
atha_NP_176686.1_4-coumarate:CoA_ligase_3_OG0001216	osaj_NP_001408603.1_4-coumarate--CoA_ligase_4_OG0001216	61.932	528	200	1	34	560	18	545	0.0	704
atha_NP_176686.1_4-coumarate:CoA_ligase_3_OG0001216	osaj_NP_001396278.1_4-coumarate--CoA_ligase_3_OG0001216	61.553	528	199	2	34	560	11	535	0.0	702
atha_NP_176686.1_4-coumarate:CoA_ligase_3_OG0001216	cann_NP_001311759.1_4-coumarate--CoA_ligase_1_OG0001216	64.583	528	184	2	34	560	11	536	0.0	702
atha_NP_176686.1_4-coumarate:CoA_ligase_3_OG0001216	vvin_XP_002272782.1_4-coumarate--CoA_ligase_2_OG0001216	65.406	529	178	3	34	560	17	542	0.0	702
atha_NP_176686.1_4-coumarate:CoA_ligase_3_OG0001216	macu_XP_018684142.2_4-coumarate--CoA_ligase_3_OG0001216	63.619	536	189	3	28	560	5	537	0.0	702
atha_NP_176686.1_4-coumarate:CoA_ligase_3_OG0001216	brap_XP_009145502.1_4-coumarate--CoA_ligase_2_OG0001216	63.722	532	187	3	34	561	19	548	0.0	701
atha_NP_176686.1_4-coumarate:CoA_ligase_3_OG0001216	macu_XP_065047019.1_4-coumarate--CoA_ligase_3-like_OG0001216	63.619	536	189	3	28	560	5	537	0.0	700
atha_NP_176686.1_4-coumarate:CoA_ligase_3_OG0001216	taes_XP_044419063.1_4-coumarate--CoA_ligase_3-like_OG0001216	62.760	529	193	3	34	560	17	543	0.0	699
atha_NP_176686.1_4-coumarate:CoA_ligase_3_OG0001216	brap_XP_009144890.1_4-coumarate--CoA_ligase_1_OG0001216	64.972	531	178	3	34	560	20	546	0.0	699
atha_NP_176686.1_4-coumarate:CoA_ligase_3_OG0001216	taes_XP_044408266.1_4-coumarate--CoA_ligase_3_OG0001216	62.193	529	196	3	34	560	14	540	0.0	696
atha_NP_176686.1_4-coumarate:CoA_ligase_3_OG0001216	ppat_XP_024402308.1_4-coumarate--CoA_ligase_OG0001216	63.567	527	187	3	34	560	64	585	0.0	694
atha_NP_176686.1_4-coumarate:CoA_ligase_3_OG0001216	mnot_XP_024023657.1_4-coumarate--CoA_ligase_2_OG0001216	65.595	529	178	2	34	560	18	544	0.0	694
atha_NP_176686.1_4-coumarate:CoA_ligase_3_OG0001216	slyc_XP_004242790.2_4-coumarate--CoA_ligase_2_OG0001216	63.100	542	185	3	34	560	23	564	0.0	694
atha_NP_176686.1_4-coumarate:CoA_ligase_3_OG0001216	pvul_XP_068469204.1_4-coumarate--CoA_ligase_2-like_OG0001216	63.352	543	185	7	20	560	1	531	0.0	694
atha_NP_176686.1_4-coumarate:CoA_ligase_3_OG0001216	ccaj_XP_020215069.1_4-coumarate--CoA_ligase_2_OG0001216	63.396	530	188	4	31	560	7	530	0.0	694
atha_NP_176686.1_4-coumarate:CoA_ligase_3_OG0001216	slyc_NP_001333770.1_4-coumarate--CoA_ligase_OG0001216	65.406	529	178	3	34	560	14	539	0.0	693
atha_NP_176686.1_4-coumarate:CoA_ligase_3_OG0001216	taes_XP_044424946.1_4-coumarate--CoA_ligase_4-like_OG0001216	61.798	534	198	3	31	560	12	543	0.0	691
atha_NP_176686.1_4-coumarate:CoA_ligase_3_OG0001216	sbic_XP_002438783.1_probable_4-coumarate--CoA_ligase_4_OG0001216	61.437	529	200	2	34	560	17	543	0.0	691
atha_NP_176686.1_4-coumarate:CoA_ligase_3_OG0001216	pvul_XP_068501061.1_4-coumarate--CoA_ligase_1-like_OG0001216	64.098	532	183	3	34	560	12	540	0.0	691
atha_NP_176686.1_4-coumarate:CoA_ligase_3_OG0001216	taes_XP_044443061.1_4-coumarate--CoA_ligase_4-like_OG0001216	60.949	548	205	5	18	560	3	546	0.0	690
atha_NP_176686.1_4-coumarate:CoA_ligase_3_OG0001216	cann_XP_016579621.2_4-coumarate--CoA_ligase_2_OG0001216	63.653	531	189	2	34	560	16	546	0.0	690
atha_NP_176686.1_4-coumarate:CoA_ligase_3_OG0001216	gmax_XP_003550660.1_4-coumarate--CoA_ligase_2_OG0001216	65.465	527	179	2	34	559	11	535	0.0	689
atha_NP_176686.1_4-coumarate:CoA_ligase_3_OG0001216	csat_XP_004146311.1_4-coumarate--CoA_ligase_1_OG0001216	60.861	534	200	3	34	561	12	542	0.0	687
atha_NP_176686.1_4-coumarate:CoA_ligase_3_OG0001216	cave_XP_059457652.1_4-coumarate--CoA_ligase_2-like_OG0001216	65.028	529	180	5	34	560	11	536	0.0	687
atha_NP_176686.1_4-coumarate:CoA_ligase_3_OG0001216	stub_Soltu.DM.03G032090.1_NA_OG0001216	65.028	529	180	3	34	560	14	539	0.0	686
atha_NP_176686.1_4-coumarate:CoA_ligase_3_OG0001216	csat_XP_004135894.2_4-coumarate--CoA_ligase_2_OG0001216	63.826	528	189	1	34	561	12	537	0.0	685
atha_NP_176686.1_4-coumarate:CoA_ligase_3_OG0001216	ccaj_XP_029129000.1_4-coumarate--CoA_ligase_2_OG0001216	61.163	533	202	3	30	560	53	582	0.0	684
atha_NP_176686.1_4-coumarate:CoA_ligase_3_OG0001216	csat_XP_004149075.1_4-coumarate--CoA_ligase_1_OG0001216	61.090	532	200	3	34	560	13	542	0.0	684
atha_NP_176686.1_4-coumarate:CoA_ligase_3_OG0001216	mdom_MD17G1229400_NA_OG0001216	63.687	537	187	2	30	560	7	541	0.0	684
atha_NP_176686.1_4-coumarate:CoA_ligase_3_OG0001216	ppat_XP_024356736.1_4-coumarate--CoA_ligase_OG0001216	62.239	527	194	3	34	560	120	641	0.0	683
atha_NP_176686.1_4-coumarate:CoA_ligase_3_OG0001216	taes_XP_044455635.1_4-coumarate--CoA_ligase_5-like_OG0001216	59.777	537	212	3	25	560	4	537	0.0	681
atha_NP_176686.1_4-coumarate:CoA_ligase_3_OG0001216	csat_XP_004135893.3_4-coumarate--CoA_ligase_2_OG0001216	63.258	528	192	1	34	561	12	537	0.0	681
atha_NP_176686.1_4-coumarate:CoA_ligase_3_OG0001216	tcac_Thecc.06G132100.1.p_NA_OG0001216	64.205	528	186	3	34	560	13	538	0.0	680
atha_NP_176686.1_4-coumarate:CoA_ligase_3_OG0001216	ppat_XP_024360116.1_4-coumarate--CoA_ligase_OG0001216	61.860	527	196	3	34	560	55	576	0.0	679
atha_NP_176686.1_4-coumarate:CoA_ligase_3_OG0001216	jreg_XP_018831217.1_4-coumarate--CoA_ligase_2-like_OG0001216	64.232	534	184	5	30	560	7	536	0.0	678
atha_NP_176686.1_4-coumarate:CoA_ligase_3_OG0001216	crja_XP_057845672.2_4-coumarate--CoA_ligase_OG0001216	60.342	527	205	2	34	560	9	531	0.0	677
atha_NP_176686.1_4-coumarate:CoA_ligase_3_OG0001216	csat_XP_004137646.3_4-coumarate--CoA_ligase_1_OG0001216	63.722	532	186	4	34	561	11	539	0.0	676
atha_NP_176686.1_4-coumarate:CoA_ligase_3_OG0001216	atha_NP_175579.1_4-coumarate:CoA_ligase_1_OG0001216	62.734	534	192	3	34	560	24	557	0.0	674
atha_NP_176686.1_4-coumarate:CoA_ligase_3_OG0001216	taes_XP_044322567.1_4-coumarate--CoA_ligase_5_isoform_X1_OG0001216	60.606	528	204	4	34	560	11	535	0.0	671
atha_NP_176686.1_4-coumarate:CoA_ligase_3_OG0001216	azfi_Azfi_s0114.g046013_NA_OG0001216	59.963	542	209	3	26	560	37	577	0.0	671
atha_NP_176686.1_4-coumarate:CoA_ligase_3_OG0001216	cill_XP_042990069.1_4-coumarate--CoA_ligase_2-like_OG0001216	63.790	533	188	4	30	560	7	536	0.0	670
atha_NP_176686.1_4-coumarate:CoA_ligase_3_OG0001216	mpol_Mapoly0197s0014.1.p_NA_OG0001216	62.095	525	194	3	34	558	28	547	0.0	667
atha_NP_176686.1_4-coumarate:CoA_ligase_3_OG0001216	taes_XP_044330819.1_4-coumarate--CoA_ligase_5-like_OG0001216	60.227	528	206	4	34	560	11	535	0.0	667
atha_NP_176686.1_4-coumarate:CoA_ligase_3_OG0001216	cann_XP_016545240.2_4-coumarate--CoA_ligase_2_OG0001216	62.127	536	192	4	34	560	10	543	0.0	664
atha_NP_176686.1_4-coumarate:CoA_ligase_3_OG0001216	smoe_XP_024539878.1_4-coumarate--CoA_ligase_OG0001216	59.313	553	207	3	26	560	36	588	0.0	664
atha_NP_176686.1_4-coumarate:CoA_ligase_3_OG0001216	sbic_XP_002445590.1_probable_4-coumarate--CoA_ligase_5_OG0001216	59.099	533	212	4	31	560	13	542	0.0	663
atha_NP_176686.1_4-coumarate:CoA_ligase_3_OG0001216	smoe_XP_002969881.1_4-coumarate--CoA_ligase_OG0001216	59.623	530	205	3	34	560	12	535	0.0	661
atha_NP_176686.1_4-coumarate:CoA_ligase_3_OG0001216	csie_XP_028070995.1_LOW_QUALITY_PROTEIN:_4-coumarate--CoA_ligase_2-like_OG0001216	62.760	529	174	4	34	560	11	518	0.0	661
atha_NP_176686.1_4-coumarate:CoA_ligase_3_OG0001216	zmay_NP_001352435.1_Probable_4-coumarate--CoA_ligase_5_OG0001216	58.532	545	212	5	28	560	3	545	0.0	660
atha_NP_176686.1_4-coumarate:CoA_ligase_3_OG0001216	smoe_XP_024516211.1_4-coumarate--CoA_ligase_OG0001216	58.739	555	209	4	26	560	33	587	0.0	657
atha_NP_176686.1_4-coumarate:CoA_ligase_3_OG0001216	ptrh_XP_002297699.2_4-coumarate--CoA_ligase_1_OG0001216	62.879	528	193	2	34	560	12	537	0.0	655
atha_NP_176686.1_4-coumarate:CoA_ligase_3_OG0001216	gmax_XP_003546441.1_4-coumarate--CoA_ligase_1_OG0001216	64.015	528	183	4	34	560	11	532	0.0	655
atha_NP_176686.1_4-coumarate:CoA_ligase_3_OG0001216	ccaj_XP_020232285.1_4-coumarate--CoA_ligase_1_OG0001216	63.138	529	186	4	34	560	8	529	0.0	655
atha_NP_176686.1_4-coumarate:CoA_ligase_3_OG0001216	osaj_NP_001409511.1_4-coumarate--CoA_ligase_5_OG0001216	59.099	533	215	3	28	560	3	532	0.0	654
atha_NP_176686.1_4-coumarate:CoA_ligase_3_OG0001216	csat_XP_004135895.1_4-coumarate--CoA_ligase_2_OG0001216	61.017	531	202	2	34	561	12	540	0.0	653
atha_NP_176686.1_4-coumarate:CoA_ligase_3_OG0001216	gmax_XP_003542129.1_4-coumarate--CoA_ligase_1_OG0001216	58.582	536	214	4	30	560	5	537	0.0	652
atha_NP_176686.1_4-coumarate:CoA_ligase_3_OG0001216	gmax_NP_001236418.1_4-coumarate--CoA_ligase_2_OG0001216	63.534	532	188	3	34	560	11	541	0.0	644
atha_NP_176686.1_4-coumarate:CoA_ligase_3_OG0001216	pvul_XP_068464049.1_4-coumarate--CoA_ligase_CCL1-like_OG0001216	59.925	534	208	4	30	560	14	544	0.0	642
atha_NP_176686.1_4-coumarate:CoA_ligase_3_OG0001216	ptrh_XP_002304825.3_4-coumarate--CoA_ligase_1_OG0001216	62.121	528	197	2	34	560	12	537	0.0	641
atha_NP_176686.1_4-coumarate:CoA_ligase_3_OG0001216	gmax_NP_001237750.2_4-coumarate:coenzyme_A_ligase_OG0001216	59.369	539	208	5	30	560	3	538	0.0	637
atha_NP_176686.1_4-coumarate:CoA_ligase_3_OG0001216	ahyp_arahy.Tifrunner.gnm1.ann1.NC09XL.1_NA_OG0001216	62.239	527	176	3	34	560	20	523	0.0	636
atha_NP_176686.1_4-coumarate:CoA_ligase_3_OG0001216	ahyp_arahy.Tifrunner.gnm1.ann1.35X8AA.1_NA_OG0001216	59.623	530	171	5	34	560	18	507	0.0	634
atha_NP_176686.1_4-coumarate:CoA_ligase_3_OG0001216	smoe_XP_024533609.1_4-coumarate--CoA_ligase_1-like_isoform_X2_OG0001216	58.212	548	206	7	34	560	9	554	0.0	634
atha_NP_176686.1_4-coumarate:CoA_ligase_3_OG0001216	smoe_XP_024545356.1_4-coumarate--CoA_ligase_1-like_OG0001216	58.212	548	206	7	34	560	9	554	0.0	631
atha_NP_176686.1_4-coumarate:CoA_ligase_3_OG0001216	smoe_XP_002972824.1_4-coumarate--CoA_ligase_1_isoform_X2_OG0001216	58.029	548	207	7	34	560	9	554	0.0	630
atha_NP_176686.1_4-coumarate:CoA_ligase_3_OG0001216	stub_Soltu.DM.12G011270.1_NA_OG0001216	61.798	534	196	4	34	560	10	542	0.0	629
atha_NP_176686.1_4-coumarate:CoA_ligase_3_OG0001216	ahyp_arahy.Tifrunner.gnm1.ann1.IT8P61.1_NA_OG0001216	59.245	530	172	5	34	560	18	506	0.0	629
atha_NP_176686.1_4-coumarate:CoA_ligase_3_OG0001216	smoe_XP_024545357.1_4-coumarate--CoA_ligase_1-like_OG0001216	57.532	551	208	7	34	560	9	557	0.0	627
atha_NP_176686.1_4-coumarate:CoA_ligase_3_OG0001216	smoe_XP_024533620.1_4-coumarate--CoA_ligase_1_isoform_X2_OG0001216	58.029	548	207	7	34	560	9	554	0.0	627
atha_NP_176686.1_4-coumarate:CoA_ligase_3_OG0001216	brap_XP_009145503.1_4-coumarate--CoA_ligase_4_OG0001216	56.273	542	225	6	27	561	16	552	0.0	625
atha_NP_176686.1_4-coumarate:CoA_ligase_3_OG0001216	osaj_NP_001409439.1_4-coumarate--CoA_ligase_1_OG0001216	58.899	545	213	7	26	560	14	557	0.0	624
atha_NP_176686.1_4-coumarate:CoA_ligase_3_OG0001216	smoe_XP_024533608.1_4-coumarate--CoA_ligase_1-like_isoform_X1_OG0001216	56.360	566	206	8	34	560	9	572	0.0	622
atha_NP_176686.1_4-coumarate:CoA_ligase_3_OG0001216	slyc_NP_001333776.1_4-coumarate--CoA_ligase-like_OG0001216	60.788	533	203	3	34	560	10	542	0.0	622
atha_NP_176686.1_4-coumarate:CoA_ligase_3_OG0001216	smoe_XP_024533387.1_4-coumarate--CoA_ligase_1_isoform_X1_OG0001216	56.184	566	207	8	34	560	9	572	0.0	619
atha_NP_176686.1_4-coumarate:CoA_ligase_3_OG0001216	atha_NP_001077697.1_4-coumarate:CoA_ligase_1_OG0001216	61.554	502	186	3	34	528	24	525	0.0	619
atha_NP_176686.1_4-coumarate:CoA_ligase_3_OG0001216	smoe_XP_024533619.1_4-coumarate--CoA_ligase_isoform_X1_OG0001216	56.184	566	207	8	34	560	9	572	0.0	616
atha_NP_176686.1_4-coumarate:CoA_ligase_3_OG0001216	crja_XP_057858163.2_4-coumarate--CoA_ligase_OG0001216	56.981	530	218	7	34	560	8	530	0.0	615
atha_NP_176686.1_4-coumarate:CoA_ligase_3_OG0001216	atha_NP_001327048.1_4-coumarate:CoA_ligase_2_OG0001216	64.208	461	163	2	34	492	22	482	0.0	615
atha_NP_176686.1_4-coumarate:CoA_ligase_3_OG0001216	ahyp_arahy.Tifrunner.gnm1.ann1.VGN2GE.1_NA_OG0001216	58.692	535	194	5	34	560	14	529	0.0	609
atha_NP_176686.1_4-coumarate:CoA_ligase_3_OG0001216	crja_XP_057859452.2_4-coumarate--CoA_ligase-like_isoform_X1_OG0001216	56.226	530	222	7	34	560	12	534	0.0	608
atha_NP_176686.1_4-coumarate:CoA_ligase_3_OG0001216	crja_XP_057859523.2_4-coumarate--CoA_ligase-like_isoform_X2_OG0001216	56.226	530	222	7	34	560	8	530	0.0	607
atha_NP_176686.1_4-coumarate:CoA_ligase_3_OG0001216	brap_XP_018512621.1_4-coumarate--CoA_ligase_4_OG0001216	56.124	547	225	6	25	560	15	557	0.0	604
atha_NP_176686.1_4-coumarate:CoA_ligase_3_OG0001216	azfi_Azfi_s0003.g007625_NA_OG0001216	54.949	586	210	9	28	560	20	604	0.0	597
atha_NP_176686.1_4-coumarate:CoA_ligase_3_OG0001216	ahyp_arahy.Tifrunner.gnm1.ann1.Y23DM6.1_NA_OG0001216	57.757	535	188	5	34	560	14	518	0.0	591
atha_NP_176686.1_4-coumarate:CoA_ligase_3_OG0001216	sbic_XP_002444107.1_probable_4-coumarate--CoA_ligase_1_OG0001216	56.852	540	219	5	34	560	28	566	0.0	588
atha_NP_176686.1_4-coumarate:CoA_ligase_3_OG0001216	atri_XP_006854065.1_probable_4-coumarate--CoA_ligase_2_OG0001216	70.558	394	113	2	167	560	237	627	0.0	582
atha_NP_176686.1_4-coumarate:CoA_ligase_3_OG0001216	atri_XP_006854065.1_probable_4-coumarate--CoA_ligase_2_OG0001216	59.420	138	54	2	27	163	20	156	1.71e-45	163
atha_NP_176686.1_4-coumarate:CoA_ligase_3_OG0001216	azfi_Azfi_s0013.g013344_NA_OG0001216	56.309	531	177	3	34	560	19	498	0.0	572
atha_NP_176686.1_4-coumarate:CoA_ligase_3_OG0001216	ahyp_arahy.Tifrunner.gnm1.ann1.ST1ALI.1_NA_OG0001216	56.250	528	163	5	34	560	20	480	0.0	551
atha_NP_176686.1_4-coumarate:CoA_ligase_3_OG0001216	azfi_Azfi_s0030.g024259_NA_OG0001216	57.557	483	179	4	104	560	1	483	0.0	531
atha_NP_176686.1_4-coumarate:CoA_ligase_3_OG0001216	stub_Soltu.DM.07G003850.1_NA_OG0001216	68.546	337	106	0	224	560	1	337	6.66e-171	482
