atha_NP_199094.1_dihydroflavonol_4-reductase_OG0005192	atha_NP_199094.1_dihydroflavonol_4-reductase_OG0005192	100.000	382	0	0	1	382	1	382	0.0	800
atha_NP_199094.1_dihydroflavonol_4-reductase_OG0005192	brap_XP_009114035.1_dihydroflavonol_4-reductase_OG0005192	86.234	385	50	2	1	382	1	385	0.0	694
atha_NP_199094.1_dihydroflavonol_4-reductase_OG0005192	vvin_NP_001268144.1_dihydroflavonol_4-reductase_OG0005192	77.439	328	74	0	1	328	1	328	0.0	548
atha_NP_199094.1_dihydroflavonol_4-reductase_OG0005192	tcac_Thecc.08G030500.1.p_NA_OG0005192	73.653	334	88	0	1	334	1	334	0.0	538
atha_NP_199094.1_dihydroflavonol_4-reductase_OG0005192	cave_XP_059460882.1_bifunctional_dihydroflavonol_4-reductase/flavanone_4-reductase-like_OG0005192	76.074	326	78	0	1	326	1	326	0.0	536
atha_NP_199094.1_dihydroflavonol_4-reductase_OG0005192	cave_XP_059461396.1_dihydroflavonol_4-reductase-like_OG0005192	76.000	325	78	0	4	328	4	328	0.0	535
atha_NP_199094.1_dihydroflavonol_4-reductase_OG0005192	mdom_MD15G1024100_NA_OG0005192	70.201	349	103	1	1	349	1	348	0.0	533
atha_NP_199094.1_dihydroflavonol_4-reductase_OG0005192	cill_XP_042989046.1_dihydroflavonol_4-reductase-like_OG0005192	75.460	326	80	0	1	326	1	326	0.0	533
atha_NP_199094.1_dihydroflavonol_4-reductase_OG0005192	jreg_XP_018821154.1_dihydroflavonol_4-reductase-like_OG0005192	75.767	326	79	0	1	326	1	326	0.0	531
atha_NP_199094.1_dihydroflavonol_4-reductase_OG0005192	mdom_MD08G1028600_NA_OG0005192	73.394	327	87	0	1	327	1	327	0.0	529
atha_NP_199094.1_dihydroflavonol_4-reductase_OG0005192	ptrh_XP_006383711.2_dihydroflavonol_4-reductase_OG0005192	73.574	333	88	0	1	333	1	333	0.0	523
atha_NP_199094.1_dihydroflavonol_4-reductase_OG0005192	ptrh_XP_002300759.1_dihydroflavonol_4-reductase_OG0005192	72.485	338	93	0	1	338	1	338	0.0	523
atha_NP_199094.1_dihydroflavonol_4-reductase_OG0005192	cill_XP_042989047.1_dihydroflavonol_4-reductase-like_OG0005192	73.750	320	84	0	7	326	5	324	0.0	518
atha_NP_199094.1_dihydroflavonol_4-reductase_OG0005192	fves_FvH4_2g39520.t1_NA_OG0005192	72.086	326	91	0	1	326	1	326	0.0	515
atha_NP_199094.1_dihydroflavonol_4-reductase_OG0005192	ccaj_XP_020231428.1_dihydroflavonol_4-reductase_OG0005192	72.699	326	89	0	1	326	1	326	0.0	512
atha_NP_199094.1_dihydroflavonol_4-reductase_OG0005192	csie_XP_028059618.1_dihydroflavonol_4-reductase-like_OG0005192	74.695	328	83	0	3	330	11	338	0.0	508
atha_NP_199094.1_dihydroflavonol_4-reductase_OG0005192	ahyp_arahy.Tifrunner.gnm1.ann1.7JZ58T.1_NA_OG0005192	71.779	326	92	0	1	326	1	326	0.0	506
atha_NP_199094.1_dihydroflavonol_4-reductase_OG0005192	gmax_NP_001238612.2_dihydroflavonol-4-reductase_DFR1_OG0005192	71.472	326	93	0	1	326	1	326	0.0	502
atha_NP_199094.1_dihydroflavonol_4-reductase_OG0005192	pvul_XP_068475614.1_dihydroflavonol_4-reductase-like_OG0005192	71.472	326	93	0	1	326	1	326	0.0	501
atha_NP_199094.1_dihydroflavonol_4-reductase_OG0005192	atri_XP_006878526.1_dihydroflavonol_4-reductase_OG0005192	68.035	341	108	1	3	342	6	346	0.0	500
atha_NP_199094.1_dihydroflavonol_4-reductase_OG0005192	pvul_XP_068475615.1_dihydroflavonol_4-reductase-like_OG0005192	71.472	326	93	0	1	326	1	326	0.0	499
atha_NP_199094.1_dihydroflavonol_4-reductase_OG0005192	ccaj_XP_020231444.1_dihydroflavonol_4-reductase_OG0005192	71.077	325	94	0	1	325	1	325	3.25e-180	496
atha_NP_199094.1_dihydroflavonol_4-reductase_OG0005192	cann_NP_001311706.1_dihydroflavonol-4-reductase_OG0005192	72.671	322	88	0	7	328	19	340	8.78e-180	497
atha_NP_199094.1_dihydroflavonol_4-reductase_OG0005192	gmax_NP_001341095.1_dihydroflavonol-4-reductase_OG0005192	70.679	324	95	0	3	326	5	328	2.12e-179	495
atha_NP_199094.1_dihydroflavonol_4-reductase_OG0005192	slyc_NP_001234408.2_dihydroflavonol_4-reductase_OG0005192	71.429	322	92	0	7	328	19	340	1.38e-176	489
atha_NP_199094.1_dihydroflavonol_4-reductase_OG0005192	macu_XP_009398122.2_dihydroflavonol_4-reductase_OG0005192	64.535	344	112	1	2	345	16	349	3.77e-173	479
atha_NP_199094.1_dihydroflavonol_4-reductase_OG0005192	stub_Soltu.DM.02G024900.2_NA_OG0005192	67.836	342	108	1	7	348	19	358	4.83e-173	480
atha_NP_199094.1_dihydroflavonol_4-reductase_OG0005192	macu_XP_064998681.1_dihydroflavonol_4-reductase-like_isoform_X1_OG0005192	64.565	333	118	0	5	337	2	334	8.56e-173	478
atha_NP_199094.1_dihydroflavonol_4-reductase_OG0005192	macu_XP_009394236.2_dihydroflavonol_4-reductase_isoform_X1_OG0005192	64.865	333	117	0	5	337	2	334	1.40e-172	478
atha_NP_199094.1_dihydroflavonol_4-reductase_OG0005192	macu_XP_065000971.1_dihydroflavonol_4-reductase-like_OG0005192	64.985	337	118	0	5	341	2	338	1.71e-172	478
atha_NP_199094.1_dihydroflavonol_4-reductase_OG0005192	macu_XP_065001856.1_dihydroflavonol_4-reductase-like_isoform_X1_OG0005192	64.264	333	119	0	5	337	2	334	3.63e-172	477
atha_NP_199094.1_dihydroflavonol_4-reductase_OG0005192	macu_XP_009396003.2_dihydroflavonol_4-reductase_OG0005192	64.688	337	119	0	5	341	2	338	1.08e-171	476
atha_NP_199094.1_dihydroflavonol_4-reductase_OG0005192	mnot_XP_010110052.1_bifunctional_dihydroflavonol_4-reductase/flavanone_4-reductase_OG0005192	65.549	328	112	1	1	328	1	327	3.36e-171	473
atha_NP_199094.1_dihydroflavonol_4-reductase_OG0005192	taes_XP_044357147.1_dihydroflavonol_4-reductase_OG0005192	66.055	327	111	0	1	327	6	332	5.47e-170	471
atha_NP_199094.1_dihydroflavonol_4-reductase_OG0005192	taes_XP_044349194.1_dihydroflavonol_4-reductase-like_isoform_X2_OG0005192	66.055	327	111	0	1	327	6	332	9.99e-170	471
atha_NP_199094.1_dihydroflavonol_4-reductase_OG0005192	gmax_NP_001239696.1_bifunctional_dihydroflavonol_4-reductase/flavanone_4-reductase-like_OG0005192	64.724	326	115	0	1	326	1	326	2.44e-169	469
atha_NP_199094.1_dihydroflavonol_4-reductase_OG0005192	gmax_XP_006601319.1_dihydroflavonol-4-reductase_isoform_X2_OG0005192	68.519	324	89	1	3	326	5	315	4.02e-169	468
atha_NP_199094.1_dihydroflavonol_4-reductase_OG0005192	sbic_XP_002456015.1_dihydroflavonol_4-reductase_OG0005192	66.975	324	107	0	5	328	18	341	3.69e-167	464
atha_NP_199094.1_dihydroflavonol_4-reductase_OG0005192	taes_XP_044340652.1_dihydroflavonol_4-reductase_OG0005192	64.832	327	115	0	1	327	1	327	3.29e-166	461
atha_NP_199094.1_dihydroflavonol_4-reductase_OG0005192	pvul_XP_068493988.1_dihydroflavonol_4-reductase-like_OG0005192	63.804	326	118	0	1	326	1	326	4.19e-165	458
atha_NP_199094.1_dihydroflavonol_4-reductase_OG0005192	taes_XP_044349193.1_dihydroflavonol_4-reductase-like_isoform_X1_OG0005192	61.299	354	110	1	1	327	6	359	2.88e-164	458
atha_NP_199094.1_dihydroflavonol_4-reductase_OG0005192	sbic_XP_002440593.1_dihydroflavonol_4-reductase_OG0005192	64.526	327	115	1	3	328	11	337	9.53e-162	451
atha_NP_199094.1_dihydroflavonol_4-reductase_OG0005192	crja_XP_057837597.2_dihydroflavonol_4-reductase_isoform_X1_OG0005192	63.467	323	115	1	6	325	26	348	4.77e-160	446
atha_NP_199094.1_dihydroflavonol_4-reductase_OG0005192	zmay_NP_001140905.1_anthocyaninless_4_OG0005192	63.804	326	118	0	3	328	16	341	1.45e-159	445
atha_NP_199094.1_dihydroflavonol_4-reductase_OG0005192	crja_XP_057873184.2_dihydroflavonol_4-reductase_isoform_X1_OG0005192	60.933	343	130	2	5	344	11	352	4.34e-159	443
atha_NP_199094.1_dihydroflavonol_4-reductase_OG0005192	crja_XP_059074605.1_dihydroflavonol_4-reductase_OG0005192	63.692	325	115	1	5	326	11	335	5.24e-159	443
atha_NP_199094.1_dihydroflavonol_4-reductase_OG0005192	zmay_NP_001152467.2_dihydroflavonol_4-reductase_OG0005192	65.138	327	113	1	3	328	8	334	5.69e-159	443
atha_NP_199094.1_dihydroflavonol_4-reductase_OG0005192	atri_XP_006878520.2_bifunctional_dihydroflavonol_4-reductase/flavanone_4-reductase_OG0005192	60.615	325	128	0	4	328	5	329	3.46e-158	441
atha_NP_199094.1_dihydroflavonol_4-reductase_OG0005192	crja_XP_057873183.2_bifunctional_dihydroflavonol_4-reductase/flavanone_4-reductase_OG0005192	62.270	326	120	1	4	326	10	335	9.08e-157	437
atha_NP_199094.1_dihydroflavonol_4-reductase_OG0005192	sbic_XP_002451586.1_dihydroflavonol_4-reductase_OG0005192	63.063	333	116	3	3	328	7	339	6.00e-156	436
atha_NP_199094.1_dihydroflavonol_4-reductase_OG0005192	crja_XP_059074606.1_dihydroflavonol_4-reductase_OG0005192	61.111	324	123	1	5	325	10	333	1.31e-155	434
atha_NP_199094.1_dihydroflavonol_4-reductase_OG0005192	atri_XP_020523764.1_bifunctional_dihydroflavonol_4-reductase/flavanone_4-reductase_OG0005192	61.491	322	124	0	7	328	7	328	5.50e-155	432
atha_NP_199094.1_dihydroflavonol_4-reductase_OG0005192	sbic_XP_002456016.1_dihydroflavonol_4-reductase_OG0005192	62.651	332	120	2	3	330	16	347	1.33e-154	433
atha_NP_199094.1_dihydroflavonol_4-reductase_OG0005192	csie_XP_028099563.1_dihydroflavonol_4-reductase-like_isoform_X1_OG0005192	62.121	330	115	2	6	325	12	341	3.45e-151	423
atha_NP_199094.1_dihydroflavonol_4-reductase_OG0005192	vvin_XP_019071960.2_LOW_QUALITY_PROTEIN:_dihydroflavonol_4-reductase_OG0005192	59.271	329	128	2	4	326	6	334	1.49e-149	420
atha_NP_199094.1_dihydroflavonol_4-reductase_OG0005192	csie_XP_028107404.1_dihydroflavonol_4-reductase-like_OG0005192	58.125	320	128	2	13	326	23	342	1.60e-141	399
atha_NP_199094.1_dihydroflavonol_4-reductase_OG0005192	csie_XP_028099565.1_dihydroflavonol_4-reductase-like_OG0005192	59.633	327	125	3	6	325	11	337	5.88e-140	394
atha_NP_199094.1_dihydroflavonol_4-reductase_OG0005192	vvin_XP_010664947.2_LOW_QUALITY_PROTEIN:_bifunctional_dihydroflavonol_4-reductase/flavanone_4-reductase_OG0005192	55.623	329	140	2	5	327	14	342	8.88e-136	386
atha_NP_199094.1_dihydroflavonol_4-reductase_OG0005192	mnot_XP_010097631.2_bifunctional_dihydroflavonol_4-reductase/flavanone_4-reductase,_partial_OG0005192	63.793	232	83	1	97	328	1	231	2.86e-116	330
atha_NP_199094.1_dihydroflavonol_4-reductase_OG0005192	ahyp_arahy.Tifrunner.gnm1.ann1.78GW8G.1_NA_OG0005192	63.025	238	88	0	88	325	1	238	1.04e-109	314
atha_NP_199094.1_dihydroflavonol_4-reductase_OG0005192	azfi_Azfi_s0245.g059984_NA_OG0005192	45.566	327	174	2	3	326	10	335	1.60e-106	309
atha_NP_199094.1_dihydroflavonol_4-reductase_OG0005192	azfi_Azfi_s0035.g025620_NA_OG0005192	45.511	323	172	2	6	325	23	344	2.09e-105	307
atha_NP_199094.1_dihydroflavonol_4-reductase_OG0005192	crja_XP_059074781.1_bifunctional_dihydroflavonol_4-reductase/flavanone_4-reductase-like_OG0005192	65.888	214	70	1	5	215	11	224	1.36e-103	298
atha_NP_199094.1_dihydroflavonol_4-reductase_OG0005192	crja_XP_057822788.2_dihydroflavonol_4-reductase_OG0005192	43.034	323	181	2	5	325	7	328	5.16e-99	290
atha_NP_199094.1_dihydroflavonol_4-reductase_OG0005192	tcac_Thecc.01G031900.1.p_NA_OG0005192	69.231	182	56	0	96	277	101	282	4.40e-92	271
atha_NP_199094.1_dihydroflavonol_4-reductase_OG0005192	crja_XP_059074779.1_dihydroflavonol_4-reductase-like_OG0005192	53.604	222	100	1	108	326	7	228	9.97e-85	250
atha_NP_199094.1_dihydroflavonol_4-reductase_OG0005192	macu_XP_064958398.1_dihydroflavonol_4-reductase-like_OG0005192	59.783	184	64	1	162	345	1	174	7.73e-79	233
atha_NP_199094.1_dihydroflavonol_4-reductase_OG0005192	csie_XP_028099564.1_dihydroflavonol_4-reductase-like_isoform_X2_OG0005192	57.396	169	67	1	162	325	103	271	2.21e-64	199
atha_NP_199094.1_dihydroflavonol_4-reductase_OG0005192	csie_XP_028099564.1_dihydroflavonol_4-reductase-like_isoform_X2_OG0005192	80.000	90	18	0	7	96	13	102	9.96e-48	155
atha_NP_199094.1_dihydroflavonol_4-reductase_OG0005192	mdom_MD08G1028400_NA_OG0005192	55.882	102	43	2	226	327	11	110	4.37e-34	115
