atha_NP_196416.1_Cytochrome_P450_superfamily_protein_OG0001314	atha_NP_196416.1_Cytochrome_P450_superfamily_protein_OG0001314	100.000	513	0	0	1	513	1	513	0.0	1054
atha_NP_196416.1_Cytochrome_P450_superfamily_protein_OG0001314	brap_XP_009122411.1_flavonoid_3'-monooxygenase_OG0001314	88.738	515	52	2	1	513	1	511	0.0	944
atha_NP_196416.1_Cytochrome_P450_superfamily_protein_OG0001314	cave_XP_059442675.1_flavonoid_3'-monooxygenase_OG0001314	72.211	511	136	4	6	512	4	512	0.0	749
atha_NP_196416.1_Cytochrome_P450_superfamily_protein_OG0001314	cave_XP_059444844.1_flavonoid_3'-monooxygenase-like_isoform_X2_OG0001314	70.297	505	140	4	7	508	10	507	0.0	724
atha_NP_196416.1_Cytochrome_P450_superfamily_protein_OG0001314	cave_XP_059444843.1_flavonoid_3'-monooxygenase-like_isoform_X1_OG0001314	70.356	506	138	5	7	508	10	507	0.0	723
atha_NP_196416.1_Cytochrome_P450_superfamily_protein_OG0001314	jreg_XP_018809939.2_flavonoid_3'-monooxygenase_OG0001314	69.488	508	149	3	4	508	39	543	0.0	718
atha_NP_196416.1_Cytochrome_P450_superfamily_protein_OG0001314	mdom_MD06G1201700_NA_OG0001314	70.703	512	141	5	4	512	5	510	0.0	717
atha_NP_196416.1_Cytochrome_P450_superfamily_protein_OG0001314	cill_XP_042949322.1_flavonoid_3'-monooxygenase_OG0001314	70.866	508	141	4	4	508	7	510	0.0	716
atha_NP_196416.1_Cytochrome_P450_superfamily_protein_OG0001314	mdom_MD14G1210700_NA_OG0001314	70.565	513	144	5	4	512	1	510	0.0	715
atha_NP_196416.1_Cytochrome_P450_superfamily_protein_OG0001314	ptrh_XP_002319761.2_flavonoid_3'-monooxygenase_OG0001314	70.097	515	142	5	4	508	5	517	0.0	711
atha_NP_196416.1_Cytochrome_P450_superfamily_protein_OG0001314	vvin_NP_001267916.1_flavonoid_3'_hydroxylase_OG0001314	67.843	510	153	5	6	509	4	508	0.0	708
atha_NP_196416.1_Cytochrome_P450_superfamily_protein_OG0001314	vvin_XP_002284151.1_flavonoid_3'-monooxygenase_OG0001314	67.451	510	155	5	6	509	4	508	0.0	704
atha_NP_196416.1_Cytochrome_P450_superfamily_protein_OG0001314	csie_XP_028112285.1_flavonoid_3'-monooxygenase_OG0001314	69.126	515	150	5	1	508	4	516	0.0	697
atha_NP_196416.1_Cytochrome_P450_superfamily_protein_OG0001314	tcac_Thecc.03G100400.1.p_NA_OG0001314	69.786	513	144	6	1	508	1	507	0.0	696
atha_NP_196416.1_Cytochrome_P450_superfamily_protein_OG0001314	ccaj_XP_020212857.1_flavonoid_3'-monooxygenase_OG0001314	69.068	472	141	3	42	509	40	510	0.0	691
atha_NP_196416.1_Cytochrome_P450_superfamily_protein_OG0001314	mnot_XP_010105826.1_flavonoid_3'-monooxygenase_OG0001314	66.797	512	159	4	1	508	4	508	0.0	684
atha_NP_196416.1_Cytochrome_P450_superfamily_protein_OG0001314	mnot_XP_010105825.1_flavonoid_3'-monooxygenase_OG0001314	64.510	510	175	4	3	508	6	513	0.0	681
atha_NP_196416.1_Cytochrome_P450_superfamily_protein_OG0001314	cann_XP_016563358.1_flavonoid_3'-monooxygenase_OG0001314	67.446	513	158	4	1	508	3	511	0.0	679
atha_NP_196416.1_Cytochrome_P450_superfamily_protein_OG0001314	gmax_NP_001237015.1_flavonoid_3'-hydroxylase_OG0001314	69.474	475	140	3	42	512	40	513	0.0	678
atha_NP_196416.1_Cytochrome_P450_superfamily_protein_OG0001314	stub_Soltu.DM.03G029340.1_NA_OG0001314	67.383	512	156	5	4	509	7	513	0.0	676
atha_NP_196416.1_Cytochrome_P450_superfamily_protein_OG0001314	ahyp_arahy.Tifrunner.gnm1.ann1.8F7PE4.1_NA_OG0001314	64.971	511	168	4	5	509	9	514	0.0	669
atha_NP_196416.1_Cytochrome_P450_superfamily_protein_OG0001314	slyc_NP_001289844.2_flavonoid_3'-monooxygenase_OG0001314	66.602	518	159	6	1	509	1	513	0.0	669
atha_NP_196416.1_Cytochrome_P450_superfamily_protein_OG0001314	ccaj_XP_020227454.1_flavonoid_3'-monooxygenase_OG0001314	69.214	471	139	4	42	509	40	507	0.0	668
atha_NP_196416.1_Cytochrome_P450_superfamily_protein_OG0001314	ahyp_arahy.Tifrunner.gnm1.ann1.K8H9R8.1_NA_OG0001314	64.902	510	168	4	5	508	9	513	0.0	668
atha_NP_196416.1_Cytochrome_P450_superfamily_protein_OG0001314	fves_FvH4_5g14010.t1_NA_OG0001314	66.471	510	163	5	6	512	7	511	0.0	665
atha_NP_196416.1_Cytochrome_P450_superfamily_protein_OG0001314	gmax_XP_014624961.3_flavonoid_3'-monooxygenase_OG0001314	63.281	512	173	6	1	508	9	509	0.0	643
atha_NP_196416.1_Cytochrome_P450_superfamily_protein_OG0001314	gmax_XP_003525448.1_flavonoid_3'-monooxygenase_OG0001314	64.043	470	163	4	42	508	40	506	0.0	624
atha_NP_196416.1_Cytochrome_P450_superfamily_protein_OG0001314	ccaj_XP_020202081.2_LOW_QUALITY_PROTEIN:_flavonoid_3'-monooxygenase_OG0001314	63.214	473	168	4	39	509	37	505	0.0	622
atha_NP_196416.1_Cytochrome_P450_superfamily_protein_OG0001314	csat_XP_004138192.1_flavonoid_3'-monooxygenase_OG0001314	63.485	482	168	4	34	508	33	513	0.0	620
atha_NP_196416.1_Cytochrome_P450_superfamily_protein_OG0001314	osaj_XP_015613041.1_flavonoid_3'-monooxygenase_CYP75B3-like_OG0001314	61.523	486	179	2	33	510	41	526	0.0	615
atha_NP_196416.1_Cytochrome_P450_superfamily_protein_OG0001314	zmay_NP_001141292.2_Flavonoid_3'-monooxygenase_CYP75B3_OG0001314	58.869	513	199	5	6	509	5	514	0.0	615
atha_NP_196416.1_Cytochrome_P450_superfamily_protein_OG0001314	sbic_XP_002454110.2_flavonoid_3'-monooxygenase_OG0001314	61.203	482	179	3	33	509	37	515	0.0	613
atha_NP_196416.1_Cytochrome_P450_superfamily_protein_OG0001314	sbic_XP_002452385.1_flavonoid_3'-monooxygenase_OG0001314	60.581	482	182	3	33	509	37	515	0.0	607
atha_NP_196416.1_Cytochrome_P450_superfamily_protein_OG0001314	sbic_XP_002452380.1_flavonoid_3'-monooxygenase_OG0001314	60.373	482	183	3	33	509	37	515	0.0	606
atha_NP_196416.1_Cytochrome_P450_superfamily_protein_OG0001314	zmay_XP_008678758.1_flavonoid_3'-monooxygenase_CYP75B3_OG0001314	59.631	488	183	3	33	509	35	519	0.0	604
atha_NP_196416.1_Cytochrome_P450_superfamily_protein_OG0001314	macu_XP_009394321.3_flavonoid_3'-monooxygenase_CYP75B137_OG0001314	61.523	499	180	3	26	512	45	543	0.0	602
atha_NP_196416.1_Cytochrome_P450_superfamily_protein_OG0001314	macu_XP_064957492.1_flavonoid_3'-monooxygenase_CYP75B137-like_OG0001314	59.808	520	192	4	5	512	8	522	0.0	600
atha_NP_196416.1_Cytochrome_P450_superfamily_protein_OG0001314	gmax_XP_003525447.1_flavonoid_3'-monooxygenase_OG0001314	63.291	474	168	3	42	512	42	512	0.0	599
atha_NP_196416.1_Cytochrome_P450_superfamily_protein_OG0001314	pvul_XP_068461905.1_flavonoid_3'-monooxygenase_OG0001314	64.009	464	162	2	42	502	41	502	0.0	595
atha_NP_196416.1_Cytochrome_P450_superfamily_protein_OG0001314	ccaj_XP_020202073.1_flavonoid_3'-monooxygenase_OG0001314	60.510	471	180	4	42	509	40	507	0.0	594
atha_NP_196416.1_Cytochrome_P450_superfamily_protein_OG0001314	gmax_XP_003525450.1_flavonoid_3'-monooxygenase_OG0001314	61.359	471	176	3	42	509	40	507	0.0	585
atha_NP_196416.1_Cytochrome_P450_superfamily_protein_OG0001314	crja_XP_057843323.2_flavonoid_3'-monooxygenase_CYP75B137_OG0001314	55.221	498	213	5	13	508	23	512	0.0	581
atha_NP_196416.1_Cytochrome_P450_superfamily_protein_OG0001314	ccaj_XP_020225312.1_flavonoid_3'-monooxygenase_OG0001314	59.763	507	194	4	4	508	6	504	0.0	580
atha_NP_196416.1_Cytochrome_P450_superfamily_protein_OG0001314	taes_XP_044423938.1_flavonoid_3'-monooxygenase_CYP75B4-like_OG0001314	53.757	519	221	6	6	508	26	541	0.0	578
atha_NP_196416.1_Cytochrome_P450_superfamily_protein_OG0001314	taes_XP_044321194.1_flavonoid_3'-monooxygenase_CYP75B3-like_OG0001314	55.556	495	208	4	27	509	24	518	0.0	577
atha_NP_196416.1_Cytochrome_P450_superfamily_protein_OG0001314	crja_XP_057824098.1_flavonoid_3'-monooxygenase_CYP75B137_OG0001314	55.647	487	206	5	26	508	34	514	0.0	566
atha_NP_196416.1_Cytochrome_P450_superfamily_protein_OG0001314	taes_XP_044436127.1_flavonoid_3'-monooxygenase_CYP75B4-like_OG0001314	54.070	516	223	6	4	508	13	525	0.0	562
atha_NP_196416.1_Cytochrome_P450_superfamily_protein_OG0001314	osaj_XP_015612714.1_flavonoid_3'-monooxygenase_CYP75B4-like_OG0001314	52.952	525	231	3	3	511	11	535	0.0	562
atha_NP_196416.1_Cytochrome_P450_superfamily_protein_OG0001314	taes_XP_044441234.1_flavonoid_3'-monooxygenase_CYP75B4-like_OG0001314	53.981	515	224	5	4	508	12	523	0.0	559
atha_NP_196416.1_Cytochrome_P450_superfamily_protein_OG0001314	sbic_XP_002439914.1_flavonoid_3'-monooxygenase_OG0001314	53.462	520	230	4	4	511	16	535	0.0	559
atha_NP_196416.1_Cytochrome_P450_superfamily_protein_OG0001314	taes_XP_044408609.1_flavonoid_3'-monooxygenase_CYP75B4-like_OG0001314	52.652	509	223	6	12	508	17	519	0.0	553
atha_NP_196416.1_Cytochrome_P450_superfamily_protein_OG0001314	taes_XP_044379093.1_flavonoid_3'-monooxygenase_CYP75B3-like_OG0001314	57.819	486	194	5	33	508	34	518	0.0	553
atha_NP_196416.1_Cytochrome_P450_superfamily_protein_OG0001314	taes_XP_044350382.1_flavonoid_3'-monooxygenase_CYP75B3-like_OG0001314	58.193	476	191	4	40	508	45	519	0.0	553
atha_NP_196416.1_Cytochrome_P450_superfamily_protein_OG0001314	atri_XP_006837147.2_flavonoid_3'-monooxygenase_OG0001314	58.367	490	188	8	28	509	28	509	0.0	551
atha_NP_196416.1_Cytochrome_P450_superfamily_protein_OG0001314	taes_XP_044452159.1_flavonoid_3'-monooxygenase_CYP75B3-like_OG0001314	57.950	478	193	4	40	510	68	544	0.0	550
atha_NP_196416.1_Cytochrome_P450_superfamily_protein_OG0001314	zmay_NP_001146311.1_Flavonoid_3'-monooxygenase_CYP75B4_OG0001314	53.175	504	220	5	20	508	30	532	0.0	541
atha_NP_196416.1_Cytochrome_P450_superfamily_protein_OG0001314	cave_XP_059430446.1_flavonoid_3',5'-hydroxylase_2-like_OG0001314	47.563	513	256	7	1	508	4	508	0.0	513
atha_NP_196416.1_Cytochrome_P450_superfamily_protein_OG0001314	ptrh_XP_002314004.3_flavonoid_3',5'-hydroxylase_1_OG0001314	47.843	510	254	8	3	508	6	507	0.0	511
atha_NP_196416.1_Cytochrome_P450_superfamily_protein_OG0001314	ccaj_XP_020236695.1_flavonoid_3',5'-hydroxylase_2_OG0001314	47.173	513	260	7	1	508	1	507	8.01e-180	508
atha_NP_196416.1_Cytochrome_P450_superfamily_protein_OG0001314	jreg_XP_035540842.1_flavonoid_3',5'-hydroxylase_2-like_OG0001314	47.348	509	258	6	4	509	24	525	2.05e-179	508
atha_NP_196416.1_Cytochrome_P450_superfamily_protein_OG0001314	gmax_XP_006593479.1_flavonoid_3',_5'-hydroxylase_isoform_X2_OG0001314	47.563	513	258	7	1	508	1	507	1.03e-178	506
atha_NP_196416.1_Cytochrome_P450_superfamily_protein_OG0001314	tcac_Thecc.09G247100.1.p_NA_OG0001314	47.305	501	253	6	11	508	14	506	1.42e-178	505
atha_NP_196416.1_Cytochrome_P450_superfamily_protein_OG0001314	cill_XP_042956912.1_flavonoid_3',5'-hydroxylase_2-like_OG0001314	47.059	510	257	7	4	509	7	507	3.29e-178	504
atha_NP_196416.1_Cytochrome_P450_superfamily_protein_OG0001314	slyc_NP_001234840.2_flavonoid_3'5'_hydroxylase_OG0001314	47.262	493	250	6	19	508	24	509	1.94e-176	500
atha_NP_196416.1_Cytochrome_P450_superfamily_protein_OG0001314	crja_XP_057841768.2_flavonoid_3',5'-hydroxylase_2_OG0001314	46.758	509	256	7	4	508	3	500	5.68e-176	498
atha_NP_196416.1_Cytochrome_P450_superfamily_protein_OG0001314	pvul_XP_068497517.1_flavonoid_3',5'-hydroxylase_1-like_OG0001314	48.337	511	246	7	4	508	6	504	8.28e-176	498
atha_NP_196416.1_Cytochrome_P450_superfamily_protein_OG0001314	csie_XP_028110857.1_LOW_QUALITY_PROTEIN:_flavonoid_3',5'-hydroxylase_2-like_OG0001314	46.394	513	263	8	3	509	5	511	1.26e-174	495
atha_NP_196416.1_Cytochrome_P450_superfamily_protein_OG0001314	csie_XP_028057334.1_flavonoid_3',5'-hydroxylase_1-like_OG0001314	46.289	512	263	8	1	508	1	504	1.55e-174	495
atha_NP_196416.1_Cytochrome_P450_superfamily_protein_OG0001314	vvin_XP_010651523.1_flavonoid_3',5'-hydroxylase_2-like_OG0001314	45.010	511	270	6	3	510	6	508	6.62e-174	493
atha_NP_196416.1_Cytochrome_P450_superfamily_protein_OG0001314	vvin_NP_001268164.1_flavonoid_3'5'_hydroxylase_OG0001314	45.892	499	259	6	15	510	18	508	3.95e-173	491
atha_NP_196416.1_Cytochrome_P450_superfamily_protein_OG0001314	crja_XP_057841882.2_flavonoid_3',5'-hydroxylase_1_OG0001314	47.255	510	252	7	4	508	3	500	8.75e-173	490
atha_NP_196416.1_Cytochrome_P450_superfamily_protein_OG0001314	pvul_XP_068494522.1_LOW_QUALITY_PROTEIN:_flavonoid_3',5'-hydroxylase_2-like_OG0001314	46.422	517	260	7	1	508	1	509	1.31e-172	490
atha_NP_196416.1_Cytochrome_P450_superfamily_protein_OG0001314	ptrh_XP_002298464.3_flavonoid_3',5'-hydroxylase_1_OG0001314	47.421	504	254	6	8	508	11	506	8.23e-172	488
atha_NP_196416.1_Cytochrome_P450_superfamily_protein_OG0001314	macu_XP_009411862.2_flavonoid_3',5'-hydroxylase_1_OG0001314	47.173	513	255	9	1	508	1	502	1.09e-171	488
atha_NP_196416.1_Cytochrome_P450_superfamily_protein_OG0001314	ccaj_XP_020203234.1_flavonoid_3',5'-hydroxylase_1_OG0001314	46.955	509	259	7	2	508	5	504	2.14e-171	487
atha_NP_196416.1_Cytochrome_P450_superfamily_protein_OG0001314	vvin_XP_002280939.1_flavonoid_3',5'-hydroxylase_2_OG0001314	46.918	503	256	6	11	510	14	508	4.30e-171	486
atha_NP_196416.1_Cytochrome_P450_superfamily_protein_OG0001314	macu_XP_064976381.1_flavonoid_3',5'-hydroxylase_1-like_OG0001314	47.173	513	255	9	1	508	1	502	1.76e-170	484
atha_NP_196416.1_Cytochrome_P450_superfamily_protein_OG0001314	cann_XP_016546864.2_flavonoid_3',5'-hydroxylase-like_OG0001314	47.718	482	239	8	32	508	35	508	1.86e-170	485
atha_NP_196416.1_Cytochrome_P450_superfamily_protein_OG0001314	crja_XP_057841770.2_flavonoid_3',5'-hydroxylase_OG0001314	46.791	483	247	5	28	508	28	502	8.81e-170	483
atha_NP_196416.1_Cytochrome_P450_superfamily_protein_OG0001314	cann_XP_016548923.2_flavonoid_3',5'-hydroxylase_OG0001314	46.985	481	242	7	33	508	38	510	2.03e-168	480
atha_NP_196416.1_Cytochrome_P450_superfamily_protein_OG0001314	vvin_XP_003632212.2_flavonoid_3',5'-hydroxylase_2_OG0001314	45.205	511	269	6	3	510	6	508	1.86e-167	477
atha_NP_196416.1_Cytochrome_P450_superfamily_protein_OG0001314	vvin_NP_001268157.1_flavonoid-3,5'-hydroxylase_OG0001314	45.401	511	268	6	3	510	6	508	2.75e-167	477
atha_NP_196416.1_Cytochrome_P450_superfamily_protein_OG0001314	vvin_XP_002271739.1_flavonoid_3',5'-hydroxylase_2_OG0001314	44.618	511	263	10	4	508	13	509	3.66e-167	476
atha_NP_196416.1_Cytochrome_P450_superfamily_protein_OG0001314	vvin_XP_010651527.1_flavonoid_3',5'-hydroxylase_2_OG0001314	45.205	511	269	6	3	510	6	508	5.69e-167	476
atha_NP_196416.1_Cytochrome_P450_superfamily_protein_OG0001314	vvin_XP_010651525.1_flavonoid_3',5'-hydroxylase_2_OG0001314	46.092	499	258	6	15	510	18	508	7.98e-167	475
atha_NP_196416.1_Cytochrome_P450_superfamily_protein_OG0001314	vvin_XP_003632209.1_flavonoid_3',5'-hydroxylase_2_OG0001314	45.205	511	269	6	3	510	6	508	1.29e-166	475
atha_NP_196416.1_Cytochrome_P450_superfamily_protein_OG0001314	macu_XP_064944682.1_flavonoid_3',5'-hydroxylase_1-like_OG0001314	45.419	513	265	9	1	508	3	505	1.32e-165	472
atha_NP_196416.1_Cytochrome_P450_superfamily_protein_OG0001314	stub_Soltu.DM.11G020990.1_NA_OG0001314	48.261	460	226	7	53	508	2	453	4.39e-165	469
atha_NP_196416.1_Cytochrome_P450_superfamily_protein_OG0001314	macu_XP_009383085.3_flavonoid_3',5'-hydroxylase_1-like_OG0001314	45.224	513	266	9	1	508	3	505	1.38e-164	469
atha_NP_196416.1_Cytochrome_P450_superfamily_protein_OG0001314	macu_XP_064987592.1_flavonoid_3',5'-hydroxylase_1-like_OG0001314	45.419	513	265	9	1	508	3	505	2.30e-164	469
atha_NP_196416.1_Cytochrome_P450_superfamily_protein_OG0001314	taes_XP_044415887.1_flavonoid_3',5'-hydroxylase_1-like_OG0001314	46.186	485	255	4	26	508	32	512	3.01e-164	469
atha_NP_196416.1_Cytochrome_P450_superfamily_protein_OG0001314	macu_XP_064976039.1_flavonoid_3',5'-hydroxylase_1-like_OG0001314	45.149	505	264	7	7	508	10	504	1.71e-162	464
atha_NP_196416.1_Cytochrome_P450_superfamily_protein_OG0001314	taes_XP_044405806.1_flavonoid_3',5'-hydroxylase_1-like_OG0001314	45.567	485	258	4	26	508	32	512	2.60e-162	464
atha_NP_196416.1_Cytochrome_P450_superfamily_protein_OG0001314	macu_XP_064934206.1_flavonoid_3',5'-hydroxylase_1-like_OG0001314	44.752	505	266	7	7	508	10	504	2.92e-161	461
atha_NP_196416.1_Cytochrome_P450_superfamily_protein_OG0001314	macu_XP_009412197.2_flavonoid_3',5'-hydroxylase_1_OG0001314	45.079	508	260	8	7	508	10	504	5.25e-161	461
atha_NP_196416.1_Cytochrome_P450_superfamily_protein_OG0001314	taes_XP_044408556.1_flavonoid_3',5'-hydroxylase_1-like_OG0001314	45.567	485	258	4	26	508	32	512	5.57e-161	461
atha_NP_196416.1_Cytochrome_P450_superfamily_protein_OG0001314	macu_XP_064941607.1_flavonoid_3',5'-hydroxylase_2-like_OG0001314	44.291	508	272	7	5	508	3	503	2.02e-160	459
atha_NP_196416.1_Cytochrome_P450_superfamily_protein_OG0001314	gmax_NP_001236632.3_flavonoid_3',_5'-hydroxylase_OG0001314	48.230	452	225	6	1	447	1	448	1.39e-159	456
atha_NP_196416.1_Cytochrome_P450_superfamily_protein_OG0001314	taes_XP_044326453.1_flavonoid_3',5'-hydroxylase_2-like_OG0001314	45.365	507	266	8	8	509	12	512	1.50e-159	457
atha_NP_196416.1_Cytochrome_P450_superfamily_protein_OG0001314	macu_XP_064993935.1_flavonoid_3',5'-hydroxylase_2-like_OG0001314	43.701	508	275	7	5	508	3	503	2.07e-159	456
atha_NP_196416.1_Cytochrome_P450_superfamily_protein_OG0001314	taes_XP_044427399.1_flavonoid_3',5'-hydroxylase-like_OG0001314	46.042	480	249	6	34	508	37	511	8.36e-159	455
atha_NP_196416.1_Cytochrome_P450_superfamily_protein_OG0001314	macu_XP_065035292.1_flavonoid_3',5'-hydroxylase_1-like_OG0001314	47.599	479	242	5	33	508	34	506	8.43e-159	455
atha_NP_196416.1_Cytochrome_P450_superfamily_protein_OG0001314	macu_XP_065034817.1_flavonoid_3',5'-hydroxylase_1-like_OG0001314	47.808	479	241	5	33	508	34	506	1.47e-158	454
atha_NP_196416.1_Cytochrome_P450_superfamily_protein_OG0001314	taes_XP_044441848.1_flavonoid_3',5'-hydroxylase-like_OG0001314	45.155	485	257	6	26	508	31	508	4.26e-158	453
atha_NP_196416.1_Cytochrome_P450_superfamily_protein_OG0001314	taes_XP_044408555.1_flavonoid_3',5'-hydroxylase_1-like_OG0001314	44.885	479	258	4	32	508	38	512	5.48e-158	453
atha_NP_196416.1_Cytochrome_P450_superfamily_protein_OG0001314	taes_XP_044334670.1_flavonoid_3',5'-hydroxylase_2-like_OG0001314	44.898	490	261	6	24	509	27	511	1.63e-156	449
atha_NP_196416.1_Cytochrome_P450_superfamily_protein_OG0001314	macu_XP_064993936.1_flavonoid_3',5'-hydroxylase_OG0001314	43.137	510	275	8	3	508	6	504	8.46e-156	447
atha_NP_196416.1_Cytochrome_P450_superfamily_protein_OG0001314	taes_XP_044366465.1_flavonoid_3',5'-hydroxylase-like_OG0001314	45.494	466	248	4	46	509	50	511	8.67e-156	447
atha_NP_196416.1_Cytochrome_P450_superfamily_protein_OG0001314	taes_XP_044415042.1_flavonoid_3',5'-hydroxylase_1-like_OG0001314	45.174	518	267	8	3	508	10	522	1.28e-155	447
atha_NP_196416.1_Cytochrome_P450_superfamily_protein_OG0001314	macu_XP_009387908.3_flavonoid_3',5'-hydroxylase_OG0001314	44.167	480	258	6	32	508	32	504	1.89e-155	446
atha_NP_196416.1_Cytochrome_P450_superfamily_protein_OG0001314	osaj_XP_015633235.1_flavonoid_3',5'-hydroxylase_1_OG0001314	46.482	469	242	5	46	509	55	519	1.26e-154	445
atha_NP_196416.1_Cytochrome_P450_superfamily_protein_OG0001314	macu_XP_064995249.1_flavonoid_3',5'-hydroxylase-like_OG0001314	44.167	480	258	6	32	508	32	504	1.79e-154	444
atha_NP_196416.1_Cytochrome_P450_superfamily_protein_OG0001314	taes_XP_044421477.1_flavonoid_3',5'-hydroxylase_1-like_OG0001314	44.186	516	268	8	8	508	14	524	2.24e-154	444
atha_NP_196416.1_Cytochrome_P450_superfamily_protein_OG0001314	zmay_XP_008660133.2_flavonoid_3',5'-hydroxylase_1_OG0001314	45.041	484	255	6	33	509	46	525	2.55e-154	444
atha_NP_196416.1_Cytochrome_P450_superfamily_protein_OG0001314	taes_XP_044415048.1_flavonoid_3',5'-hydroxylase_1-like_OG0001314	45.049	515	266	7	4	508	1	508	1.13e-153	442
atha_NP_196416.1_Cytochrome_P450_superfamily_protein_OG0001314	macu_XP_009421182.1_flavonoid_3',5'-hydroxylase-like_OG0001314	44.259	479	257	6	33	508	33	504	1.35e-153	442
atha_NP_196416.1_Cytochrome_P450_superfamily_protein_OG0001314	taes_XP_044406896.1_flavonoid_3',5'-hydroxylase_1-like_OG0001314	44.466	515	273	7	3	508	10	520	1.15e-152	440
atha_NP_196416.1_Cytochrome_P450_superfamily_protein_OG0001314	macu_XP_064994487.1_flavonoid_3',5'-hydroxylase-like_OG0001314	44.050	479	258	6	33	508	33	504	1.20e-152	439
atha_NP_196416.1_Cytochrome_P450_superfamily_protein_OG0001314	vvin_XP_019075997.1_flavonoid_3',5'-hydroxylase_2_OG0001314	47.045	440	222	6	74	510	11	442	1.49e-152	437
atha_NP_196416.1_Cytochrome_P450_superfamily_protein_OG0001314	macu_XP_009417895.2_flavonoid_3',5'-hydroxylase_1_OG0001314	45.511	479	250	6	34	509	35	505	3.67e-152	438
atha_NP_196416.1_Cytochrome_P450_superfamily_protein_OG0001314	macu_XP_064950878.1_flavonoid_3',5'-hydroxylase-like_OG0001314	43.958	480	259	6	32	508	32	504	4.93e-152	437
atha_NP_196416.1_Cytochrome_P450_superfamily_protein_OG0001314	sbic_XP_002467808.1_flavonoid_3',5'-hydroxylase_1_OG0001314	45.570	474	245	6	46	509	62	532	6.51e-150	433
atha_NP_196416.1_Cytochrome_P450_superfamily_protein_OG0001314	zmay_NP_001348232.1_Flavonoid_3',5'-hydroxylase_2_precursor_OG0001314	44.820	473	249	5	46	509	58	527	1.33e-149	432
atha_NP_196416.1_Cytochrome_P450_superfamily_protein_OG0001314	sbic_XP_002467809.1_flavonoid_3',5'-hydroxylase_1_OG0001314	45.570	474	242	7	46	509	60	527	1.00e-147	427
atha_NP_196416.1_Cytochrome_P450_superfamily_protein_OG0001314	taes_XP_044375872.1_flavonoid_3',5'-hydroxylase_1-like_OG0001314	46.207	435	223	6	25	452	32	462	8.09e-131	382
atha_NP_196416.1_Cytochrome_P450_superfamily_protein_OG0001314	ppat_XP_024367358.1_flavonoid_3'-monooxygenase_OG0001314	42.581	465	254	6	43	503	49	504	7.17e-123	363
atha_NP_196416.1_Cytochrome_P450_superfamily_protein_OG0001314	smoe_XP_002982021.2_flavonoid_3'-monooxygenase_OG0001314	40.491	489	264	9	28	503	20	494	1.44e-121	359
atha_NP_196416.1_Cytochrome_P450_superfamily_protein_OG0001314	pvul_XP_068477109.1_flavonoid_3'-monooxygenase-like_OG0001314	75.355	211	52	0	299	509	1	211	2.42e-120	346
atha_NP_196416.1_Cytochrome_P450_superfamily_protein_OG0001314	crja_XP_057818617.2_flavonoid_3',5'-hydroxylase_OG0001314	46.110	347	183	3	28	372	28	372	1.11e-117	345
atha_NP_196416.1_Cytochrome_P450_superfamily_protein_OG0001314	csie_XP_028110845.1_flavonoid_3',5'-hydroxylase_2-like_OG0001314	42.963	405	206	8	109	508	1	385	1.55e-115	340
atha_NP_196416.1_Cytochrome_P450_superfamily_protein_OG0001314	vvin_XP_010651674.1_flavonoid_3',5'-hydroxylase_2-like_OG0001314	48.418	316	155	4	196	510	96	404	2.20e-113	335
atha_NP_196416.1_Cytochrome_P450_superfamily_protein_OG0001314	vvin_XP_002280662.4_flavonoid_3',5'-hydroxylase_OG0001314	50.164	305	145	4	206	509	1	299	1.56e-112	329
atha_NP_196416.1_Cytochrome_P450_superfamily_protein_OG0001314	macu_XP_064941049.1_flavonoid_3',5'-hydroxylase-like_OG0001314	49.782	229	112	2	280	508	5	230	5.77e-82	248
atha_NP_196416.1_Cytochrome_P450_superfamily_protein_OG0001314	macu_XP_064964166.1_flavonoid_3',5'-hydroxylase-like_OG0001314	50.218	229	111	2	280	508	5	230	7.46e-82	248
atha_NP_196416.1_Cytochrome_P450_superfamily_protein_OG0001314	csie_XP_028074366.1_flavonoid_3',5'-hydroxylase_1-like_OG0001314	49.500	200	96	3	276	471	42	240	1.19e-68	214
atha_NP_196416.1_Cytochrome_P450_superfamily_protein_OG0001314	macu_XP_065031809.1_flavonoid_3',5'-hydroxylase_1-like_isoform_X3_OG0001314	36.918	279	168	5	34	309	35	308	3.36e-56	188
atha_NP_196416.1_Cytochrome_P450_superfamily_protein_OG0001314	macu_XP_065031807.1_ent-cassadiene_C11-alpha-hydroxylase_1-like_isoform_X1_OG0001314	36.918	279	168	5	34	309	35	308	3.44e-54	187
