atha_NP_176365.1_NAD(P)-binding_Rossmann-fold_superfamily_protein_OG0004494	atha_NP_176365.1_NAD(P)-binding_Rossmann-fold_superfamily_protein_OG0004494	100.000	340	0	0	1	340	1	340	0.0	701
atha_NP_176365.1_NAD(P)-binding_Rossmann-fold_superfamily_protein_OG0004494	brap_XP_009113238.1_anthocyanidin_reductase_OG0004494	83.824	340	55	0	1	340	4	343	0.0	564
atha_NP_176365.1_NAD(P)-binding_Rossmann-fold_superfamily_protein_OG0004494	brap_XP_009105139.1_anthocyanidin_reductase_OG0004494	79.279	333	65	2	2	333	5	334	0.0	525
atha_NP_176365.1_NAD(P)-binding_Rossmann-fold_superfamily_protein_OG0004494	vvin_NP_001267885.1_anthocyanidin_reductase_((2S)-flavan-3-ol-forming)_OG0004494	64.848	330	116	0	9	338	8	337	2.69e-171	472
atha_NP_176365.1_NAD(P)-binding_Rossmann-fold_superfamily_protein_OG0004494	ptrh_XP_002305639.2_anthocyanidin_reductase_((2S)-flavan-3-ol-forming)_OG0004494	66.972	327	108	0	11	337	36	362	1.58e-167	464
atha_NP_176365.1_NAD(P)-binding_Rossmann-fold_superfamily_protein_OG0004494	csie_XP_028054899.1_anthocyanidin_reductase_((2S)-flavan-3-ol-forming)_OG0004494	65.257	331	115	0	8	338	6	336	7.22e-167	461
atha_NP_176365.1_NAD(P)-binding_Rossmann-fold_superfamily_protein_OG0004494	cave_XP_059437535.1_anthocyanidin_reductase_((2S)-flavan-3-ol-forming)_OG0004494	64.157	332	119	0	7	338	5	336	1.13e-166	461
atha_NP_176365.1_NAD(P)-binding_Rossmann-fold_superfamily_protein_OG0004494	tcac_Thecc.06G207800.1.p_NA_OG0004494	64.242	330	118	0	9	338	7	336	1.42e-165	457
atha_NP_176365.1_NAD(P)-binding_Rossmann-fold_superfamily_protein_OG0004494	cave_XP_059438486.1_anthocyanidin_reductase_((2S)-flavan-3-ol-forming)-like_OG0004494	63.855	332	120	0	7	338	5	336	2.53e-165	457
atha_NP_176365.1_NAD(P)-binding_Rossmann-fold_superfamily_protein_OG0004494	mdom_MD05G1335600_NA_OG0004494	65.046	329	114	1	11	338	10	338	5.67e-165	456
atha_NP_176365.1_NAD(P)-binding_Rossmann-fold_superfamily_protein_OG0004494	cill_XP_042943270.1_anthocyanidin_reductase_((2S)-flavan-3-ol-forming)_OG0004494	64.458	332	118	0	7	338	5	336	4.07e-164	454
atha_NP_176365.1_NAD(P)-binding_Rossmann-fold_superfamily_protein_OG0004494	mdom_MD10G1311100_NA_OG0004494	63.830	329	118	1	11	338	10	338	1.94e-163	452
atha_NP_176365.1_NAD(P)-binding_Rossmann-fold_superfamily_protein_OG0004494	jreg_XP_018805546.1_anthocyanidin_reductase_((2S)-flavan-3-ol-forming)_OG0004494	63.554	332	121	0	7	338	5	336	3.48e-163	452
atha_NP_176365.1_NAD(P)-binding_Rossmann-fold_superfamily_protein_OG0004494	ahyp_arahy.Tifrunner.gnm1.ann1.W8TDEC.2_NA_OG0004494	63.415	328	120	0	11	338	12	339	3.56e-161	447
atha_NP_176365.1_NAD(P)-binding_Rossmann-fold_superfamily_protein_OG0004494	fves_FvH4_3g02980.t1_NA_OG0004494	61.471	340	131	0	1	340	1	340	1.19e-160	445
atha_NP_176365.1_NAD(P)-binding_Rossmann-fold_superfamily_protein_OG0004494	ahyp_arahy.Tifrunner.gnm1.ann1.IK60LM.1_NA_OG0004494	63.415	328	120	0	11	338	47	374	3.76e-160	446
atha_NP_176365.1_NAD(P)-binding_Rossmann-fold_superfamily_protein_OG0004494	ptrh_XP_002317270.3_anthocyanidin_reductase_((2S)-flavan-3-ol-forming)_isoform_X2_OG0004494	63.855	332	120	0	6	337	34	365	9.31e-160	444
atha_NP_176365.1_NAD(P)-binding_Rossmann-fold_superfamily_protein_OG0004494	gmax_NP_001241913.3_anthocyanidin_reductase_1_OG0004494	61.677	334	127	1	4	337	3	335	9.32e-159	441
atha_NP_176365.1_NAD(P)-binding_Rossmann-fold_superfamily_protein_OG0004494	stub_Soltu.DM.03G002570.1_NA_OG0004494	63.939	330	119	0	9	338	8	337	1.26e-158	440
atha_NP_176365.1_NAD(P)-binding_Rossmann-fold_superfamily_protein_OG0004494	csie_XP_028098179.1_anthocyanidin_reductase_((2S)-flavan-3-ol-forming)-like_OG0004494	60.909	330	129	0	9	338	19	348	5.68e-157	436
atha_NP_176365.1_NAD(P)-binding_Rossmann-fold_superfamily_protein_OG0004494	ptrh_XP_024436634.2_anthocyanidin_reductase_((2S)-flavan-3-ol-forming)_isoform_X1_OG0004494	62.170	341	120	1	6	337	34	374	1.03e-156	437
atha_NP_176365.1_NAD(P)-binding_Rossmann-fold_superfamily_protein_OG0004494	pvul_XP_068469906.1_anthocyanidin_reductase_((2S)-flavan-3-ol-forming)-like_OG0004494	61.890	328	125	0	11	338	9	336	2.10e-155	432
atha_NP_176365.1_NAD(P)-binding_Rossmann-fold_superfamily_protein_OG0004494	ccaj_XP_020238816.1_anthocyanidin_reductase_((2S)-flavan-3-ol-forming)_isoform_X2_OG0004494	60.778	334	130	1	5	338	4	336	3.64e-155	431
atha_NP_176365.1_NAD(P)-binding_Rossmann-fold_superfamily_protein_OG0004494	mnot_XP_010088088.1_anthocyanidin_reductase_((2S)-flavan-3-ol-forming)_OG0004494	62.080	327	124	0	11	337	9	335	1.31e-153	427
atha_NP_176365.1_NAD(P)-binding_Rossmann-fold_superfamily_protein_OG0004494	gmax_NP_001243072.1_anthocyanidin_reductase_2_OG0004494	60.060	333	133	0	5	337	4	336	8.43e-151	420
atha_NP_176365.1_NAD(P)-binding_Rossmann-fold_superfamily_protein_OG0004494	slyc_XP_004234583.1_anthocyanidin_reductase_((2S)-flavan-3-ol-forming)_OG0004494	63.110	328	121	0	11	338	6	333	1.70e-148	414
atha_NP_176365.1_NAD(P)-binding_Rossmann-fold_superfamily_protein_OG0004494	pvul_XP_068466940.1_anthocyanidin_reductase_((2S)-flavan-3-ol-forming)-like_OG0004494	57.317	328	140	0	11	338	9	336	8.39e-139	390
atha_NP_176365.1_NAD(P)-binding_Rossmann-fold_superfamily_protein_OG0004494	macu_XP_064975071.1_anthocyanidin_reductase_((2S)-flavan-3-ol-forming)-like_OG0004494	54.683	331	149	1	11	340	7	337	3.29e-138	389
atha_NP_176365.1_NAD(P)-binding_Rossmann-fold_superfamily_protein_OG0004494	macu_XP_009412668.2_anthocyanidin_reductase_((2S)-flavan-3-ol-forming)_OG0004494	54.079	331	151	1	11	340	7	337	3.15e-137	386
atha_NP_176365.1_NAD(P)-binding_Rossmann-fold_superfamily_protein_OG0004494	atri_XP_006836994.1_anthocyanidin_reductase_((2S)-flavan-3-ol-forming)_OG0004494	55.657	327	143	2	13	337	7	333	4.34e-133	375
atha_NP_176365.1_NAD(P)-binding_Rossmann-fold_superfamily_protein_OG0004494	crja_XP_057846902.1_putative_anthocyanidin_reductase_OG0004494	50.154	325	161	1	14	337	34	358	9.60e-128	362
atha_NP_176365.1_NAD(P)-binding_Rossmann-fold_superfamily_protein_OG0004494	taes_XP_044453931.1_anthocyanidin_reductase_((2S)-flavan-3-ol-forming)-like_OG0004494	47.222	324	169	2	9	330	6	329	1.23e-116	333
atha_NP_176365.1_NAD(P)-binding_Rossmann-fold_superfamily_protein_OG0004494	taes_XP_044334504.1_anthocyanidin_reductase_((2S)-flavan-3-ol-forming)-like_OG0004494	48.943	331	167	2	9	337	6	336	1.48e-116	333
atha_NP_176365.1_NAD(P)-binding_Rossmann-fold_superfamily_protein_OG0004494	taes_XP_044326264.1_anthocyanidin_reductase_((2S)-flavan-3-ol-forming)-like_OG0004494	47.734	331	171	2	9	337	6	336	5.34e-116	332
atha_NP_176365.1_NAD(P)-binding_Rossmann-fold_superfamily_protein_OG0004494	taes_XP_044459176.1_anthocyanidin_reductase_((2S)-flavan-3-ol-forming)-like_OG0004494	47.416	329	171	2	11	337	8	336	1.06e-115	331
atha_NP_176365.1_NAD(P)-binding_Rossmann-fold_superfamily_protein_OG0004494	taes_XP_044329037.1_anthocyanidin_reductase_((2S)-flavan-3-ol-forming)-like_isoform_X2_OG0004494	48.338	331	169	2	9	337	6	336	1.52e-115	331
atha_NP_176365.1_NAD(P)-binding_Rossmann-fold_superfamily_protein_OG0004494	taes_XP_044459182.1_anthocyanidin_reductase_((2S)-flavan-3-ol-forming)-like_OG0004494	48.036	331	170	2	9	337	6	336	3.84e-115	330
atha_NP_176365.1_NAD(P)-binding_Rossmann-fold_superfamily_protein_OG0004494	taes_XP_044334496.1_anthocyanidin_reductase_((2S)-flavan-3-ol-forming)-like_OG0004494	46.687	332	175	2	8	337	10	341	1.66e-114	328
atha_NP_176365.1_NAD(P)-binding_Rossmann-fold_superfamily_protein_OG0004494	osaj_XP_015637099.1_anthocyanidin_reductase_((2S)-flavan-3-ol-forming)_OG0004494	47.024	336	174	4	5	337	1	335	2.05e-114	328
atha_NP_176365.1_NAD(P)-binding_Rossmann-fold_superfamily_protein_OG0004494	taes_XP_044334503.1_anthocyanidin_reductase_((2S)-flavan-3-ol-forming)-like_OG0004494	47.432	331	172	2	9	337	6	336	2.82e-114	328
atha_NP_176365.1_NAD(P)-binding_Rossmann-fold_superfamily_protein_OG0004494	taes_XP_044326262.1_anthocyanidin_reductase_((2S)-flavan-3-ol-forming)-like_isoform_X2_OG0004494	46.505	329	174	2	11	337	8	336	8.29e-114	326
atha_NP_176365.1_NAD(P)-binding_Rossmann-fold_superfamily_protein_OG0004494	taes_XP_044334502.1_anthocyanidin_reductase_((2S)-flavan-3-ol-forming)-like_OG0004494	45.897	329	176	2	11	337	8	336	1.04e-113	326
atha_NP_176365.1_NAD(P)-binding_Rossmann-fold_superfamily_protein_OG0004494	taes_XP_044328944.1_anthocyanidin_reductase_((2S)-flavan-3-ol-forming)-like_isoform_X2_OG0004494	47.879	330	169	3	11	337	8	337	1.24e-113	326
atha_NP_176365.1_NAD(P)-binding_Rossmann-fold_superfamily_protein_OG0004494	sbic_XP_002447157.1_anthocyanidin_reductase_((2S)-flavan-3-ol-forming)_OG0004494	46.526	331	173	2	11	337	8	338	1.35e-113	326
atha_NP_176365.1_NAD(P)-binding_Rossmann-fold_superfamily_protein_OG0004494	taes_XP_044459181.1_anthocyanidin_reductase_((2S)-flavan-3-ol-forming)-like_OG0004494	46.224	331	176	2	9	337	6	336	2.00e-113	325
atha_NP_176365.1_NAD(P)-binding_Rossmann-fold_superfamily_protein_OG0004494	taes_XP_044334497.1_anthocyanidin_reductase_((2S)-flavan-3-ol-forming)-like_OG0004494	47.748	333	172	2	7	337	8	340	3.03e-113	325
atha_NP_176365.1_NAD(P)-binding_Rossmann-fold_superfamily_protein_OG0004494	sbic_XP_021318471.1_anthocyanidin_reductase_((2S)-flavan-3-ol-forming)_OG0004494	45.758	330	176	2	11	337	9	338	1.06e-112	323
atha_NP_176365.1_NAD(P)-binding_Rossmann-fold_superfamily_protein_OG0004494	taes_XP_044326260.1_anthocyanidin_reductase_((2S)-flavan-3-ol-forming)-like_OG0004494	47.720	329	170	2	11	337	13	341	4.42e-112	322
atha_NP_176365.1_NAD(P)-binding_Rossmann-fold_superfamily_protein_OG0004494	taes_XP_044459169.1_anthocyanidin_reductase_((2S)-flavan-3-ol-forming)-like_isoform_X1_OG0004494	45.482	332	179	2	8	337	9	340	4.47e-112	322
atha_NP_176365.1_NAD(P)-binding_Rossmann-fold_superfamily_protein_OG0004494	osaj_XP_015635209.1_anthocyanidin_reductase_((2S)-flavan-3-ol-forming)_isoform_X1_OG0004494	46.809	329	172	3	11	337	7	334	4.66e-112	322
atha_NP_176365.1_NAD(P)-binding_Rossmann-fold_superfamily_protein_OG0004494	taes_XP_044320664.1_anthocyanidin_reductase_((2S)-flavan-3-ol-forming)-like_OG0004494	45.872	327	175	2	11	335	8	334	1.26e-111	321
atha_NP_176365.1_NAD(P)-binding_Rossmann-fold_superfamily_protein_OG0004494	taes_XP_044327060.1_anthocyanidin_reductase_((2S)-flavan-3-ol-forming)-like_OG0004494	47.590	332	172	2	8	337	9	340	2.08e-111	320
atha_NP_176365.1_NAD(P)-binding_Rossmann-fold_superfamily_protein_OG0004494	sbic_XP_021318468.1_anthocyanidin_reductase_((2S)-flavan-3-ol-forming)-like_OG0004494	45.181	332	177	3	11	337	12	343	3.35e-111	320
atha_NP_176365.1_NAD(P)-binding_Rossmann-fold_superfamily_protein_OG0004494	osaj_XP_015637098.1_anthocyanidin_reductase_((2S)-flavan-3-ol-forming)_OG0004494	46.429	336	171	3	11	337	7	342	8.19e-111	319
atha_NP_176365.1_NAD(P)-binding_Rossmann-fold_superfamily_protein_OG0004494	taes_XP_044329036.1_anthocyanidin_reductase_((2S)-flavan-3-ol-forming)-like_isoform_X1_OG0004494	43.956	364	169	2	9	337	6	369	4.96e-110	318
atha_NP_176365.1_NAD(P)-binding_Rossmann-fold_superfamily_protein_OG0004494	taes_XP_044453930.1_anthocyanidin_reductase_((2S)-flavan-3-ol-forming)-like_OG0004494	47.416	329	171	2	11	337	13	341	3.17e-109	315
atha_NP_176365.1_NAD(P)-binding_Rossmann-fold_superfamily_protein_OG0004494	taes_XP_044326261.1_anthocyanidin_reductase_((2S)-flavan-3-ol-forming)-like_isoform_X1_OG0004494	43.175	359	172	3	11	337	8	366	7.87e-109	315
atha_NP_176365.1_NAD(P)-binding_Rossmann-fold_superfamily_protein_OG0004494	osaj_XP_025880289.1_anthocyanidin_reductase_((2S)-flavan-3-ol-forming)_isoform_X3_OG0004494	44.253	348	172	3	11	337	7	353	9.21e-109	314
atha_NP_176365.1_NAD(P)-binding_Rossmann-fold_superfamily_protein_OG0004494	zmay_NP_001148881.2_leucoanthocyanidin_reductase_OG0004494	46.154	338	174	5	8	337	3	340	1.03e-108	313
atha_NP_176365.1_NAD(P)-binding_Rossmann-fold_superfamily_protein_OG0004494	taes_XP_044320668.1_anthocyanidin_reductase_((2S)-flavan-3-ol-forming)-like_OG0004494	45.783	332	177	3	9	337	6	337	3.26e-108	312
atha_NP_176365.1_NAD(P)-binding_Rossmann-fold_superfamily_protein_OG0004494	taes_XP_044328943.1_anthocyanidin_reductase_((2S)-flavan-3-ol-forming)-like_isoform_X1_OG0004494	43.767	361	169	3	11	337	8	368	4.34e-108	313
atha_NP_176365.1_NAD(P)-binding_Rossmann-fold_superfamily_protein_OG0004494	taes_XP_044326257.1_anthocyanidin_reductase_((2S)-flavan-3-ol-forming)-like_OG0004494	45.783	332	177	3	8	337	10	340	6.09e-107	309
atha_NP_176365.1_NAD(P)-binding_Rossmann-fold_superfamily_protein_OG0004494	osaj_XP_015634093.2_LOW_QUALITY_PROTEIN:_anthocyanidin_reductase_((2S)-flavan-3-ol-forming)_OG0004494	44.379	338	177	3	11	337	7	344	1.63e-104	303
atha_NP_176365.1_NAD(P)-binding_Rossmann-fold_superfamily_protein_OG0004494	zmay_NP_001338756.1_Anthocyanidin_reductase_((2S)-flavan-3-ol-forming)_OG0004494	45.238	336	175	3	11	337	11	346	2.49e-104	303
atha_NP_176365.1_NAD(P)-binding_Rossmann-fold_superfamily_protein_OG0004494	sbic_XP_021319468.1_anthocyanidin_reductase_((2S)-flavan-3-ol-forming)_OG0004494	44.713	331	177	4	11	335	20	350	3.37e-103	300
atha_NP_176365.1_NAD(P)-binding_Rossmann-fold_superfamily_protein_OG0004494	osaj_XP_015634145.1_anthocyanidin_reductase_((2S)-flavan-3-ol-forming)_OG0004494	45.697	337	173	6	11	337	8	344	3.66e-102	297
atha_NP_176365.1_NAD(P)-binding_Rossmann-fold_superfamily_protein_OG0004494	osaj_XP_015635210.1_anthocyanidin_reductase_((2S)-flavan-3-ol-forming)_isoform_X2_OG0004494	49.462	279	140	1	11	289	7	284	6.13e-102	295
atha_NP_176365.1_NAD(P)-binding_Rossmann-fold_superfamily_protein_OG0004494	sbic_XP_021319469.1_anthocyanidin_reductase_((2S)-flavan-3-ol-forming)_OG0004494	45.238	336	177	6	11	340	9	343	3.30e-101	295
atha_NP_176365.1_NAD(P)-binding_Rossmann-fold_superfamily_protein_OG0004494	zmay_XP_023156897.1_anthocyanidin_reductase_((2S)-flavan-3-ol-forming)_isoform_X1_OG0004494	43.931	346	175	4	11	337	11	356	1.04e-100	294
atha_NP_176365.1_NAD(P)-binding_Rossmann-fold_superfamily_protein_OG0004494	taes_XP_044334509.1_anthocyanidin_reductase_((2S)-flavan-3-ol-forming)-like_OG0004494	44.985	329	178	3	11	337	11	338	1.09e-100	293
atha_NP_176365.1_NAD(P)-binding_Rossmann-fold_superfamily_protein_OG0004494	taes_XP_044459174.1_anthocyanidin_reductase_((2S)-flavan-3-ol-forming)-like_OG0004494	44.444	333	182	3	8	338	8	339	2.31e-100	292
atha_NP_176365.1_NAD(P)-binding_Rossmann-fold_superfamily_protein_OG0004494	taes_XP_044453932.1_anthocyanidin_reductase_((2S)-flavan-3-ol-forming)-like_OG0004494	44.037	327	180	3	13	337	16	341	1.36e-98	288
atha_NP_176365.1_NAD(P)-binding_Rossmann-fold_superfamily_protein_OG0004494	taes_XP_044320667.1_anthocyanidin_reductase_((2S)-flavan-3-ol-forming)-like_OG0004494	48.551	276	142	0	9	284	6	281	1.82e-98	285
atha_NP_176365.1_NAD(P)-binding_Rossmann-fold_superfamily_protein_OG0004494	osaj_XP_015635104.1_anthocyanidin_reductase_((2S)-flavan-3-ol-forming)_OG0004494	46.018	339	170	8	11	337	7	344	2.05e-98	287
atha_NP_176365.1_NAD(P)-binding_Rossmann-fold_superfamily_protein_OG0004494	taes_XP_044326258.1_anthocyanidin_reductase_((2S)-flavan-3-ol-forming)-like_isoform_X1_OG0004494	44.345	336	181	4	8	338	9	343	4.38e-98	286
atha_NP_176365.1_NAD(P)-binding_Rossmann-fold_superfamily_protein_OG0004494	osaj_XP_015634407.1_anthocyanidin_reductase_((2S)-flavan-3-ol-forming)_isoform_X1_OG0004494	42.733	344	175	7	11	337	7	345	9.66e-98	286
atha_NP_176365.1_NAD(P)-binding_Rossmann-fold_superfamily_protein_OG0004494	zmay_NP_001338757.1_Anthocyanidin_reductase_((2S)-flavan-3-ol-forming)-like_isoform_2_OG0004494	41.317	334	188	5	11	337	11	343	1.76e-89	265
atha_NP_176365.1_NAD(P)-binding_Rossmann-fold_superfamily_protein_OG0004494	zmay_XP_023156900.1_anthocyanidin_reductase_((2S)-flavan-3-ol-forming)_isoform_X3_OG0004494	43.322	307	165	3	40	337	6	312	2.48e-88	261
atha_NP_176365.1_NAD(P)-binding_Rossmann-fold_superfamily_protein_OG0004494	zmay_XP_023156898.1_anthocyanidin_reductase_((2S)-flavan-3-ol-forming)_isoform_X2_OG0004494	41.956	317	165	4	40	337	6	322	9.99e-85	252
atha_NP_176365.1_NAD(P)-binding_Rossmann-fold_superfamily_protein_OG0004494	ccaj_XP_020209703.1_anthocyanidin_reductase_((2S)-flavan-3-ol-forming)_OG0004494	68.098	163	52	0	11	173	9	171	9.29e-84	244
